split,contrast,scene,group,compositions,patch_mean_delta,pixel_mean_delta
val,B-A,Place101,all,2,0.056045904755592346,0.06880349141157835
val,B-A,Place101,single,1,0.18215781450271606,0.1821423034787082
val,B-A,Place101,multi,1,-0.07006600499153137,-0.04453532065555149
val,B-A,Place107,all,2,0.20421791076660156,0.2114253790243911
val,B-A,Place107,single,1,0.4544091820716858,0.4542253451141571
val,B-A,Place107,multi,1,-0.045973360538482666,-0.03137458706537488
val,B-A,Place112,all,2,-0.11487233638763428,-0.105149745404857
val,B-A,Place112,single,1,0.05278217792510986,0.05280550853822019
val,B-A,Place112,multi,1,-0.2825268507003784,-0.2631049993479342
val,B-A,Place118,all,2,-0.0885058268904686,-0.09193336467978788
val,B-A,Place118,single,1,-0.22626005113124847,-0.2282230193098435
val,B-A,Place118,multi,1,0.04924839735031128,0.04435628995026775
val,B-A,Place12,all,2,1.632746696472168,1.6221886093629216
val,B-A,Place12,single,1,2.056941270828247,2.0569300996717996
val,B-A,Place12,multi,1,1.2085521221160889,1.1874471190540437
val,B-A,Place120,all,2,-0.18216025829315186,-0.17597409742832387
val,B-A,Place120,single,1,-0.1519526243209839,-0.15196748794343506
val,B-A,Place120,multi,1,-0.21236789226531982,-0.19998070691321268
val,B-A,Place125,all,2,0.04125380516052246,0.045692015828271426
val,B-A,Place125,single,1,-0.07812464237213135,-0.0781204838015932
val,B-A,Place125,multi,1,0.16063225269317627,0.16950451545813605
val,B-A,Place130,all,2,0.02048879861831665,0.041229136552102974
val,B-A,Place130,single,1,0.35690176486968994,0.3568309452161761
val,B-A,Place130,multi,1,-0.31592416763305664,-0.27437267211197014
val,B-A,Place139,all,2,0.7062457203865051,0.631394235348345
val,B-A,Place139,single,1,-0.1646796464920044,-0.16465610375127304
val,B-A,Place139,multi,1,1.5771710872650146,1.4274445744479631
val,B-A,Place147,all,2,0.36738526821136475,0.36762344485551046
val,B-A,Place147,single,1,0.7277131080627441,0.7277226139749757
val,B-A,Place147,multi,1,0.0070574283599853516,0.007524275736045194
val,B-A,Place162,all,2,0.2612885981798172,0.25827147114479
val,B-A,Place162,single,1,-0.3191061317920685,-0.3184104741432725
val,B-A,Place162,multi,1,0.8416833281517029,0.8349534164328525
val,B-A,Place168,all,2,0.08186164498329163,0.08187309767031925
val,B-A,Place168,single,1,0.18274235725402832,0.1827992730058089
val,B-A,Place168,multi,1,-0.01901906728744507,-0.019053077665170393
val,B-A,Place169,all,2,-0.19154196977615356,-0.17542000736680158
val,B-A,Place169,single,1,0.20023179054260254,0.2001790680939729
val,B-A,Place169,multi,1,-0.5833157300949097,-0.5510190828275761
val,B-A,Place17,all,2,-0.6408970355987549,-0.6289972286959373
val,B-A,Place17,single,1,-2.1877212524414062,-2.1877008007613457
val,B-A,Place17,multi,1,0.9059271812438965,0.929706343369471
val,B-A,Place174,all,2,-0.24549180269241333,-0.24751044851727277
val,B-A,Place174,single,1,-0.2677074670791626,-0.2677046222083561
val,B-A,Place174,multi,1,-0.22327613830566406,-0.22731627482618944
val,B-A,Place176,all,2,0.3943767845630646,0.4138224040254752
val,B-A,Place176,single,1,0.9212349057197571,0.9213979562020866
val,B-A,Place176,multi,1,-0.13248133659362793,-0.09375314815113622
val,B-A,Place177,all,2,-0.02403116226196289,0.004517655180936275
val,B-A,Place177,single,1,0.3375880718231201,0.33756099524212235
val,B-A,Place177,multi,1,-0.3856503963470459,-0.3285256848802498
val,B-A,Place189,all,2,-0.48949190974235535,-0.4705463860747822
val,B-A,Place189,single,1,-0.22585242986679077,-0.22589150146060033
val,B-A,Place189,multi,1,-0.7531313896179199,-0.7152012706889641
val,B-A,Place195,all,2,0.3386929929256439,0.33210093188098205
val,B-A,Place195,single,1,0.7094075083732605,0.7093638320255834
val,B-A,Place195,multi,1,-0.032021522521972656,-0.04516196826361929
val,B-A,Place198,all,2,0.441652275621891,0.43520449633954594
val,B-A,Place198,single,1,0.7542845755815506,0.7539102610338435
val,B-A,Place198,multi,1,0.12901997566223145,0.11649873164524838
val,B-A,Place2,all,2,0.3407323360443115,0.33795641316939895
val,B-A,Place2,single,1,0.24906837940216064,0.2490704686519849
val,B-A,Place2,multi,1,0.4323962926864624,0.426842357686813
val,B-A,Place202,all,2,-0.3890197277069092,-0.3972472088019279
val,B-A,Place202,single,1,-0.9346494674682617,-0.93465802573186
val,B-A,Place202,multi,1,0.15661001205444336,0.1401636081280042
val,B-A,Place209,all,2,0.7690446823835373,0.7491738497699201
val,B-A,Place209,single,1,1.1892287731170654,1.1890941856998487
val,B-A,Place209,multi,1,0.34886059165000916,0.30925351383999133
val,B-A,Place21,all,2,-0.11491000652313232,-0.03309153244640539
val,B-A,Place21,single,1,0.3784325122833252,0.3784248334670339
val,B-A,Place21,multi,1,-0.6082525253295898,-0.4446078983598447
val,B-A,Place212,all,2,0.2813575267791748,0.2959033197276155
val,B-A,Place212,single,1,0.975043773651123,0.9750438943695299
val,B-A,Place212,multi,1,-0.41232872009277344,-0.38323725491429883
val,B-A,Place218,all,2,0.09876760840415955,0.10468151037580226
val,B-A,Place218,single,1,0.17897969484329224,0.17893728829724187
val,B-A,Place218,multi,1,0.018555521965026855,0.03042573245436264
val,B-A,Place219,all,2,0.07281750440597534,0.08036375957764841
val,B-A,Place219,single,1,0.08744180202484131,0.08744943175162923
val,B-A,Place219,multi,1,0.058193206787109375,0.07327808740366759
val,B-A,Place229,all,2,1.9531497955322266,1.331726581916929
val,B-A,Place229,single,1,-0.1958012580871582,-0.19576276416874722
val,B-A,Place229,multi,1,4.102100849151611,2.8592159280026053
val,B-A,Place234,all,2,-0.07473993301391602,-0.07480712243805021
val,B-A,Place234,single,1,-0.017650604248046875,-0.01764996510754724
val,B-A,Place234,multi,1,-0.13182926177978516,-0.13196427976855318
val,B-A,Place235,all,2,0.53843092918396,0.5999861112518738
val,B-A,Place235,single,1,0.16661691665649414,0.16661316473569343
val,B-A,Place235,multi,1,0.9102449417114258,1.0333590577680543
val,B-A,Place237,all,2,6.508715629577637,6.495131964676776
val,B-A,Place237,single,1,5.10264778137207,5.102645094047803
val,B-A,Place237,multi,1,7.914783477783203,7.887618835305748
val,B-A,Place243,all,2,-0.2335074543952942,-0.246403764052665
val,B-A,Place243,single,1,-0.032140135765075684,-0.03232623191383721
val,B-A,Place243,multi,1,-0.4348747730255127,-0.4604812961914928
val,B-A,Place245,all,2,1.9114909172058105,1.919755485617741
val,B-A,Place245,single,1,5.7796125411987305,5.779655650705349
val,B-A,Place245,multi,1,-1.9566307067871094,-1.9401446794698671
val,B-A,Place247,all,2,1.2386407852172852,1.1371286289307116
val,B-A,Place247,single,1,-0.27783679962158203,-0.2778358876135858
val,B-A,Place247,multi,1,2.7551183700561523,2.552093145475009
val,B-A,Place250,all,2,0.49454355239868164,0.4943767282869642
val,B-A,Place250,single,1,-0.202392578125,-0.20239154552068106
val,B-A,Place250,multi,1,1.1914796829223633,1.1911450020946095
val,B-A,Place265,all,2,0.08483940362930298,0.38141342375617926
val,B-A,Place265,single,1,0.963509202003479,0.9636747125952154
val,B-A,Place265,multi,1,-0.793830394744873,-0.2008478650828569
val,B-A,Place279,all,2,0.2693748474121094,0.2674323256036082
val,B-A,Place279,single,1,0.22596454620361328,0.2259687439807263
val,B-A,Place279,multi,1,0.31278514862060547,0.3088959072264901
val,B-A,Place306,all,2,-0.0058879852294921875,0.0076907318324284935
val,B-A,Place306,single,1,0.14512038230895996,0.14504072332999945
val,B-A,Place306,multi,1,-0.15689635276794434,-0.12965925966514247
val,B-A,Place314,all,2,0.1441369354724884,0.03253961035289704
val,B-A,Place314,single,1,-0.18672841787338257,-0.18671638979722427
val,B-A,Place314,multi,1,0.4750022888183594,0.25179561050301835
val,B-A,Place32,all,2,-0.8967769145965576,-0.8987408798415433
val,B-A,Place32,single,1,-0.8175920248031616,-0.8172805145853338
val,B-A,Place32,multi,1,-0.9759618043899536,-0.9802012450977526
val,B-A,Place327,all,2,0.6336178183555603,0.5285436219805784
val,B-A,Place327,single,1,-0.37592613697052,-0.3759364177116815
val,B-A,Place327,multi,1,1.6431617736816406,1.4330236616728382
val,B-A,Place331,all,2,-0.21043309569358826,-0.21807734861119848
val,B-A,Place331,single,1,-0.3311440348625183,-0.3310249162094073
val,B-A,Place331,multi,1,-0.0897221565246582,-0.10512978101298964
val,B-A,Place340,all,2,-0.34446191787719727,-0.34445157176473584
val,B-A,Place340,single,1,-0.5822076797485352,-0.5822079333042054
val,B-A,Place340,multi,1,-0.10671615600585938,-0.10669521022526629
val,B-A,Place341,all,2,0.010304570198059082,0.010335474208518436
val,B-A,Place341,single,1,-0.003529667854309082,-0.0035398523572935936
val,B-A,Place341,multi,1,0.024138808250427246,0.024210800774330465
val,B-A,Place343,all,2,-0.024884462356567383,-0.012800541483089511
val,B-A,Place343,single,1,0.10598516464233398,0.10597012867157818
val,B-A,Place343,multi,1,-0.15575408935546875,-0.1315712116377572
val,B-A,Place347,all,2,0.030796155333518982,0.029529167468243356
val,B-A,Place347,single,1,0.11232870817184448,0.11232505553485284
val,B-A,Place347,multi,1,-0.05073639750480652,-0.053266720598366124
val,B-A,Place348,all,2,-0.1139974594116211,-0.09546819772447146
val,B-A,Place348,single,1,-0.2155606746673584,-0.2155609488445418
val,B-A,Place348,multi,1,-0.012434244155883789,0.02462455339559888
val,B-A,Place354,all,2,-0.13705676794052124,-0.1331605717536991
val,B-A,Place354,single,1,-0.17816174030303955,-0.1781221552142218
val,B-A,Place354,multi,1,-0.09595179557800293,-0.0881989882931764
val,B-A,Place356,all,2,-0.5754930973052979,-0.5689497919770523
val,B-A,Place356,single,1,-0.16821348667144775,-0.16819171720663617
val,B-A,Place356,multi,1,-0.982772707939148,-0.9697078667474686
val,B-A,Place359,all,2,-0.07866677641868591,-0.0894019393027079
val,B-A,Place359,single,1,0.05639117956161499,0.056400635334386884
val,B-A,Place359,multi,1,-0.21372473239898682,-0.23520451393980268
val,B-A,Place360,all,2,0.9863132238388062,0.9821470562155099
val,B-A,Place360,single,1,0.14899182319641113,0.14899814351209928
val,B-A,Place360,multi,1,1.8236346244812012,1.8152959689189205
val,B-A,Place361,all,2,-0.19687426090240479,-0.19650682573706835
val,B-A,Place361,single,1,-0.19012069702148438,-0.19011575009966775
val,B-A,Place361,multi,1,-0.2036278247833252,-0.20289790137446895
val,B-A,Place362,all,2,0.6242225468158722,0.6204096427549795
val,B-A,Place362,single,1,0.14550697803497314,0.14554870299365197
val,B-A,Place362,multi,1,1.1029381155967712,1.095270582516307
val,B-A,Place37,all,2,-0.20658543705940247,-0.20837197644987704
val,B-A,Place37,single,1,-0.18315327167510986,-0.18310715309364745
val,B-A,Place37,multi,1,-0.23001760244369507,-0.23363679980610663
val,B-A,Place370,all,2,0.025397062301635742,0.0206832055097409
val,B-A,Place370,single,1,-0.18895304203033447,-0.18894672460725648
val,B-A,Place370,multi,1,0.23974716663360596,0.23031313562673827
val,B-A,Place372,all,2,0.2038387656211853,0.143444588752132
val,B-A,Place372,single,1,0.3788207769393921,0.3787287037159216
val,B-A,Place372,multi,1,0.028856754302978516,-0.09183952621165759
val,B-A,Place385,all,2,-0.1640714704990387,-0.1636996051277375
val,B-A,Place385,single,1,-0.4036226272583008,-0.40350231509427514
val,B-A,Place385,multi,1,0.07547968626022339,0.07610310483880012
val,B-A,Place389,all,2,-0.12513315677642822,-0.14439962130051132
val,B-A,Place389,single,1,-0.18668746948242188,-0.18668789313414602
val,B-A,Place389,multi,1,-0.06357884407043457,-0.10211134946687661
val,B-A,Place393,all,2,0.6221547722816467,0.3653607288856759
val,B-A,Place393,single,1,0.1499422788619995,0.14992986369620842
val,B-A,Place393,multi,1,1.094367265701294,0.5807915940751434
val,B-A,Place394,all,2,1.0231147110462189,0.6482412304929792
val,B-A,Place394,single,1,0.33199602365493774,0.3320152043454577
val,B-A,Place394,multi,1,1.7142333984375,0.9644672566405008
val,B-A,Place401,all,2,-0.039104677736759186,-0.0497297131827856
val,B-A,Place401,single,1,-0.04870672523975372,-0.04857974422722172
val,B-A,Place401,multi,1,-0.02950263023376465,-0.05087968213834948
val,B-A,Place405,all,2,-0.6230280995368958,-0.5909328997583368
val,B-A,Place405,single,1,-1.2171584367752075,-1.2170100060274829
val,B-A,Place405,multi,1,-0.028897762298583984,0.035144206510809184
val,B-A,Place407,all,2,-0.9326993227005005,-0.9256017512963023
val,B-A,Place407,single,1,-1.453749418258667,-1.4537416013129245
val,B-A,Place407,multi,1,-0.411649227142334,-0.39746190127968006
val,B-A,Place408,all,2,-0.8391116857528687,-0.8380841032252448
val,B-A,Place408,single,1,-1.1117501258850098,-1.1117506880707335
val,B-A,Place408,multi,1,-0.5664732456207275,-0.5644175183797562
val,B-A,Place410,all,2,-1.0869812667369843,-1.0806308615039888
val,B-A,Place410,single,1,-0.5305962562561035,-0.53059500659504
val,B-A,Place410,multi,1,-1.643366277217865,-1.6306667164129374
val,B-A,Place411,all,2,-2.1372321993112564,-2.135753192907947
val,B-A,Place411,single,1,-2.183521032333374,-2.1834625262420446
val,B-A,Place411,multi,1,-2.090943366289139,-2.0880438595738497
val,B-A,Place418,all,2,0.04084625840187073,0.03798295180180977
val,B-A,Place418,single,1,-0.011174678802490234,-0.011195059573695154
val,B-A,Place418,multi,1,0.09286719560623169,0.0871609631773147
val,B-A,Place422,all,2,-1.054631382226944,-1.01460001855963
val,B-A,Place422,single,1,-0.928294837474823,-0.9281544119162761
val,B-A,Place422,multi,1,-1.180967926979065,-1.1010456252029839
val,B-A,Place428,all,2,0.7070965766906738,0.6856148974249092
val,B-A,Place428,single,1,-0.1445627212524414,-0.14455992904870385
val,B-A,Place428,multi,1,1.558755874633789,1.5157897238985223
val,B-A,Place430,all,2,0.5614713430404663,0.54928986030593
val,B-A,Place430,single,1,0.19736266136169434,0.19736329401564223
val,B-A,Place430,multi,1,0.9255800247192383,0.9012164265962177
val,B-A,Place440,all,2,0.9364736676216125,0.7852784626797824
val,B-A,Place440,single,1,0.2888752222061157,0.28847969547765473
val,B-A,Place440,multi,1,1.5840721130371094,1.28207722988191
val,B-A,Place444,all,2,-2.842702589929104,-1.937636643151341
val,B-A,Place444,single,1,-0.18458358943462372,-0.1838573032814203
val,B-A,Place444,multi,1,-5.500821590423584,-3.691415983021262
val,B-A,Place451,all,2,1.2755639553070068,1.2673681066331746
val,B-A,Place451,single,1,1.4966521263122559,1.4966522839567151
val,B-A,Place451,multi,1,1.0544757843017578,1.038083929309634
val,B-A,Place461,all,2,0.44457557797431946,0.14775361579864343
val,B-A,Place461,single,1,-0.5382246375083923,-0.5381005868438811
val,B-A,Place461,multi,1,1.4273757934570312,0.8336078184411679
val,B-A,Place469,all,2,-0.02115654945373535,-0.03932552423985747
val,B-A,Place469,single,1,-0.16396045684814453,-0.16399879395534112
val,B-A,Place469,multi,1,0.12164735794067383,0.08534774547562618
val,B-A,Place471,all,2,0.2502598464488983,0.2715683398518347
val,B-A,Place471,single,1,0.27258557081222534,0.27298475899461433
val,B-A,Place471,multi,1,0.2279341220855713,0.270151920709055
val,B-A,Place472,all,2,-0.008928298950195312,0.01856631940615311
val,B-A,Place472,single,1,-0.09773635864257812,-0.09780602260906746
val,B-A,Place472,multi,1,0.0798797607421875,0.13493866142137367
val,B-A,Place473,all,2,1.072365790605545,1.0696388212348191
val,B-A,Place473,single,1,-0.28862327337265015,-0.28805286067912106
val,B-A,Place473,multi,1,2.4333548545837402,2.4273305031487595
val,B-A,Place476,all,2,0.03270652890205383,0.03154402225137598
val,B-A,Place476,single,1,-0.26088088750839233,-0.2603238274912354
val,B-A,Place476,multi,1,0.3262939453125,0.32341187199398735
val,B-A,Place478,all,2,0.38798096776008606,0.26439121789456693
val,B-A,Place478,single,1,0.2083612084388733,0.2083425190768421
val,B-A,Place478,multi,1,0.5676007270812988,0.3204399167122918
val,B-A,Place481,all,2,-0.45827430486679077,-0.41174240375112403
val,B-A,Place481,single,1,-0.1767643690109253,-0.1767674881341359
val,B-A,Place481,multi,1,-0.7397842407226562,-0.6467173193681122
val,B-A,Place483,all,2,0.19637197256088257,0.18577692659388068
val,B-A,Place483,single,1,0.2457413673400879,0.24573981948601897
val,B-A,Place483,multi,1,0.14700257778167725,0.12581403370174238
val,B-A,Place484,all,2,-0.4271073341369629,-0.5033346077450611
val,B-A,Place484,single,1,-0.9510042667388916,-0.951134398924466
val,B-A,Place484,multi,1,0.09678959846496582,-0.055534816565656175
val,B-A,Place485,all,2,-0.5814160108566284,-0.5944930526574171
val,B-A,Place485,single,1,-1.0696146488189697,-1.0696571135837416
val,B-A,Place485,multi,1,-0.09321737289428711,-0.11932899173109268
val,B-A,Place487,all,2,-0.5591137409210205,-0.35863211742856427
val,B-A,Place487,single,1,-0.0054416656494140625,-0.0054406831524413946
val,B-A,Place487,multi,1,-1.112785816192627,-0.7118235517046871
val,B-A,Place497,all,2,-0.0703357458114624,0.008119424403622677
val,B-A,Place497,single,1,0.5232787132263184,0.5232908283796878
val,B-A,Place497,multi,1,-0.6639502048492432,-0.5070519795724424
val,B-A,Place502,all,2,-0.9678173065185547,-0.7184049677697824
val,B-A,Place502,single,1,0.1553959846496582,0.15539703989427478
val,B-A,Place502,multi,1,-2.0910305976867676,-1.5922069754338395
val,B-A,Place503,all,2,0.13554662466049194,0.1422219555582264
val,B-A,Place503,single,1,0.2792211174964905,0.27949940736954165
val,B-A,Place503,multi,1,-0.008127868175506592,0.004944503746911133
val,B-A,Place504,all,2,0.49837666749954224,0.49072904222572167
val,B-A,Place504,single,1,0.6673147678375244,0.6673183091789494
val,B-A,Place504,multi,1,0.32943856716156006,0.3141397752724939
val,B-A,Place506,all,2,0.19881248474121094,0.10745672707079476
val,B-A,Place506,single,1,-0.0049648284912109375,-0.0049741751313024385
val,B-A,Place506,multi,1,0.4025897979736328,0.21988762927289196
val,B-A,Place512,all,2,0.7202204167842865,0.7109550576922132
val,B-A,Place512,single,1,-0.12360697984695435,-0.12384485452826643
val,B-A,Place512,multi,1,1.5640478134155273,1.545754969912693
val,B-A,Place515,all,2,-0.05445754528045654,-0.06328472517235328
val,B-A,Place515,single,1,-0.09717106819152832,-0.09719956505539518
val,B-A,Place515,multi,1,-0.011744022369384766,-0.029369885289311393
val,B-A,Place527,all,2,0.3526469022035599,0.2281945610581583
val,B-A,Place527,single,1,0.10226216912269592,0.10282438810750777
val,B-A,Place527,multi,1,0.6030316352844238,0.35356473400880883
val,B-A,Place532,all,2,0.21476468443870544,0.20971169187192748
val,B-A,Place532,single,1,-0.06216222047805786,-0.06188430233378078
val,B-A,Place532,multi,1,0.49169158935546875,0.48130768607763574
val,B-A,Place535,all,2,-0.14081105589866638,-0.14131252031129482
val,B-A,Place535,single,1,-0.22183650732040405,-0.22186373622453548
val,B-A,Place535,multi,1,-0.05978560447692871,-0.06076130439805416
val,B-A,Place536,all,2,-0.11705756187438965,-0.11779787698159086
val,B-A,Place536,single,1,-0.17716503143310547,-0.17714278955751334
val,B-A,Place536,multi,1,-0.05695009231567383,-0.058452964405668384
val,B-A,Place538,all,2,-0.26380132138729095,-0.23181652010588769
val,B-A,Place538,single,1,0.06730154156684875,0.06732807862986007
val,B-A,Place538,multi,1,-0.5949041843414307,-0.5309611188416354
val,B-A,Place548,all,2,0.08762374520301819,0.10776456797336145
val,B-A,Place548,single,1,0.34086161851882935,0.341174315328392
val,B-A,Place548,multi,1,-0.16561412811279297,-0.12564517938166908
val,B-A,Place556,all,2,-0.7042975351214409,-0.473213914272557
val,B-A,Place556,single,1,0.39348985254764557,0.39369291153261465
val,B-A,Place556,multi,1,-1.8020849227905273,-1.3401207400777286
val,B-A,Place574,all,2,-0.8888938426971436,-0.8272862546234783
val,B-A,Place574,single,1,-0.037428855895996094,-0.03742903639683959
val,B-A,Place574,multi,1,-1.740358829498291,-1.6171434728501168
val,B-A,Place588,all,2,-0.043121933937072754,-0.03441609438837823
val,B-A,Place588,single,1,0.12617802619934082,0.12616922331895974
val,B-A,Place588,multi,1,-0.21242189407348633,-0.1950014120957162
val,B-A,Place590,all,2,0.3164088577032089,0.23082099968298841
val,B-A,Place590,single,1,0.09167763590812683,0.09163006571243848
val,B-A,Place590,multi,1,0.541140079498291,0.37001193365353835
val,B-A,Place593,all,2,0.5693634748458862,0.5641848217252536
val,B-A,Place593,single,1,0.48029232025146484,0.48028684037931946
val,B-A,Place593,multi,1,0.6584346294403076,0.6480828030711878
val,B-A,Place598,all,2,-0.33978473395109177,-0.2627613623677504
val,B-A,Place598,single,1,-0.002021893858909607,-0.0020699942788812986
val,B-A,Place598,multi,1,-0.6775475740432739,-0.5234527304566194
val,B-A,Place6,all,2,-0.8363579660654068,-0.8042469898763825
val,B-A,Place6,single,1,-1.0281403362751007,-1.0283122813646173
val,B-A,Place6,multi,1,-0.6445755958557129,-0.5801816983881478
val,B-A,Place612,all,2,-0.03526192903518677,-0.019330528195977914
val,B-A,Place612,single,1,0.06506383419036865,0.0650624036437013
val,B-A,Place612,multi,1,-0.1355876922607422,-0.10372346003565713
val,B-A,Place615,all,2,0.012537389993667603,-0.07227451340825217
val,B-A,Place615,single,1,0.07617312669754028,0.07612125670351128
val,B-A,Place615,multi,1,-0.05109834671020508,-0.2206702835200156
val,B-A,Place618,all,2,-0.2404804676771164,-0.21578634471149222
val,B-A,Place618,single,1,-0.006706327199935913,-0.006721074237771574
val,B-A,Place618,multi,1,-0.4742546081542969,-0.42485161518521286
val,B-A,Place62,all,2,-0.2322750985622406,-0.23134912161388543
val,B-A,Place62,single,1,-0.03622037172317505,-0.036296377192005846
val,B-A,Place62,multi,1,-0.42832982540130615,-0.426401866035765
val,B-A,Place624,all,2,0.08395063877105713,0.08738409669274161
val,B-A,Place624,single,1,-0.05953574180603027,-0.05952680175550351
val,B-A,Place624,multi,1,0.22743701934814453,0.23429499514098673
val,B-A,Place625,all,2,0.01774907112121582,-0.0386320407410925
val,B-A,Place625,single,1,-0.38226985931396484,-0.38227470622385873
val,B-A,Place625,multi,1,0.4177680015563965,0.30501062474167373
val,B-A,Place639,all,2,0.13690020143985748,0.13173523028917472
val,B-A,Place639,single,1,0.13810566067695618,0.13816893007225095
val,B-A,Place639,multi,1,0.1356947422027588,0.1253015305060985
val,B-A,Place648,all,2,-0.5193743407726288,-0.5048229342578391
val,B-A,Place648,single,1,-0.6121990084648132,-0.6122417066886126
val,B-A,Place648,multi,1,-0.42654967308044434,-0.3974041618270656
val,B-A,Place650,all,2,0.5226249396800995,0.5079950844261738
val,B-A,Place650,single,1,0.8850917220115662,0.8849611850560479
val,B-A,Place650,multi,1,0.1601581573486328,0.13102898379629968
val,B-A,Place651,all,2,0.015353143215179443,0.032921825772868785
val,B-A,Place651,single,1,0.10476291179656982,0.10472672979823361
val,B-A,Place651,multi,1,-0.07405662536621094,-0.03888307825249604
val,B-A,Place655,all,2,-0.03151297569274902,-0.028989288525502616
val,B-A,Place655,single,1,0.001728057861328125,0.0017082629010405914
val,B-A,Place655,multi,1,-0.06475400924682617,-0.05968683995204582
val,B-A,Place657,all,2,-0.4252997934818268,-0.3597959881016236
val,B-A,Place657,single,1,-0.0667908787727356,-0.06684784630404628
val,B-A,Place657,multi,1,-0.783808708190918,-0.6527441298992009
val,B-A,Place662,all,2,0.1128804087638855,0.08273593620406683
val,B-A,Place662,single,1,0.11536777019500732,0.11532562574314364
val,B-A,Place662,multi,1,0.11039304733276367,0.05014624666499001
val,B-A,Place663,all,2,0.08806480467319489,0.08039892158585904
val,B-A,Place663,single,1,0.09039929509162903,0.09036522099591093
val,B-A,Place663,multi,1,0.08573031425476074,0.07043262217580715
val,B-A,Place665,all,2,-0.0797719731926918,-0.07809011385032923
val,B-A,Place665,single,1,0.11192373931407928,0.11123428855600034
val,B-A,Place665,multi,1,-0.2714676856994629,-0.2674145162566588
val,B-A,Place666,all,2,-1.3849342614412308,-1.3680554764680246
val,B-A,Place666,single,1,-0.2249251902103424,-0.22414851929080304
val,B-A,Place666,multi,1,-2.544943332672119,-2.5119624336452464
val,B-A,Place675,all,2,0.08382511138916016,0.06522819024793614
val,B-A,Place675,single,1,0.10594594478607178,0.10577055287158199
val,B-A,Place675,multi,1,0.061704277992248535,0.02468582762429028
val,B-A,Place678,all,2,0.29954423010349274,0.1588767423129384
val,B-A,Place678,single,1,0.07190254330635071,0.07243639228150114
val,B-A,Place678,multi,1,0.5271859169006348,0.2453170923443757
val,B-A,Place690,all,2,0.36344191431999207,0.3118652305220781
val,B-A,Place690,single,1,-0.00017148256301879883,-0.00010946989188431733
val,B-A,Place690,multi,1,0.7270553112030029,0.6238399309360405
val,B-A,Place694,all,2,0.22774580121040344,0.18410018469215456
val,B-A,Place694,single,1,0.055000483989715576,0.054996112854880014
val,B-A,Place694,multi,1,0.4004911184310913,0.31320425652942907
val,B-A,Place695,all,2,-0.008644893765449524,-0.008992120707182624
val,B-A,Place695,single,1,-0.12827220559120178,-0.1281830963239808
val,B-A,Place695,multi,1,0.11098241806030273,0.11019885490961556
val,B-A,Place696,all,2,-0.13321204483509064,-0.12667496217547553
val,B-A,Place696,single,1,-0.11992302536964417,-0.11954975250140742
val,B-A,Place696,multi,1,-0.1465010643005371,-0.13380017184954363
val,B-A,Place698,all,2,-0.05445203185081482,-0.06053297582663564
val,B-A,Place698,single,1,-0.13140112161636353,-0.13118985818383466
val,B-A,Place698,multi,1,0.022497057914733887,0.010123906530563387
val,B-A,Place699,all,2,0.009136885404586792,0.005999210902552114
val,B-A,Place699,single,1,0.00916677713394165,0.009226976540499185
val,B-A,Place699,multi,1,0.009106993675231934,0.0027714452646050436
val,B-A,Place703,all,2,0.18581578135490417,0.17944072487137985
val,B-A,Place703,single,1,0.0784640908241272,0.07863552775312466
val,B-A,Place703,multi,1,0.29316747188568115,0.28024592198963505
val,B-A,Place705,all,2,0.0649290680885315,0.08109141678945775
val,B-A,Place705,single,1,-0.11206543445587158,-0.11203827290504065
val,B-A,Place705,multi,1,0.24192357063293457,0.27422110648395615
val,B-A,Place710,all,2,0.15694314241409302,0.12291113765530326
val,B-A,Place710,single,1,0.21684205532073975,0.2168134361976437
val,B-A,Place710,multi,1,0.09704422950744629,0.029008839112962814
val,B-A,Place720,all,2,-0.11820542067289352,-0.1016133023667879
val,B-A,Place720,single,1,-0.3734845966100693,-0.3738657233438074
val,B-A,Place720,multi,1,0.13707375526428223,0.17063911861023162
val,B-A,Place722,all,2,-0.11720718443393707,-0.09894806009526178
val,B-A,Place722,single,1,-0.2603164613246918,-0.2600120161533072
val,B-A,Place722,multi,1,0.025902092456817627,0.06211589596278366
val,B-A,Place725,all,2,-0.44142670929431915,-0.3813387479986097
val,B-A,Place725,single,1,0.08939811587333679,0.08945408634022556
val,B-A,Place725,multi,1,-0.9722515344619751,-0.8521315823374449
val,B-A,Place73,all,2,0.16586363315582275,0.17471014158098663
val,B-A,Place73,single,1,0.45650768280029297,0.45647060617784163
val,B-A,Place73,multi,1,-0.12478041648864746,-0.10705032301586836
val,B-A,Place731,all,2,0.28028105571866035,0.2913674192114731
val,B-A,Place731,single,1,0.8115303292870522,0.809312191868098
val,B-A,Place731,multi,1,-0.25096821784973145,-0.22657735344515184
val,B-A,Place732,all,2,-0.0077268462628126144,-0.012554760917363739
val,B-A,Place732,single,1,-0.24591588601469994,-0.2422424255699569
val,B-A,Place732,multi,1,0.2304621934890747,0.21713290373522942
val,B-A,Place733,all,2,0.04865966737270355,0.05233571851719157
val,B-A,Place733,single,1,0.1979198157787323,0.19822753742000515
val,B-A,Place733,multi,1,-0.1006004810333252,-0.09355610038562201
val,B-A,Place743,all,2,-0.32408690452575684,-0.2824060002133074
val,B-A,Place743,single,1,0.133691668510437,0.1336269222254315
val,B-A,Place743,multi,1,-0.7818654775619507,-0.6984389226520463
val,B-A,Place747,all,2,0.26139403879642487,0.2479252596183389
val,B-A,Place747,single,1,0.08498916029930115,0.08500857552049537
val,B-A,Place747,multi,1,0.4377989172935486,0.41084194371618243
val,B-A,Place749,all,2,-0.4492414891719818,-0.3443487892873883
val,B-A,Place749,single,1,0.5722706913948059,0.5719614407642954
val,B-A,Place749,multi,1,-1.4707536697387695,-1.260659019339072
val,B-A,Place753,all,2,-1.6042225360870361,-1.5674974090785248
val,B-A,Place753,single,1,-2.4702258110046387,-2.4702423861296596
val,B-A,Place753,multi,1,-0.7382192611694336,-0.6647524320273899
val,B-A,Place754,all,2,-0.5044927000999451,-0.4928397042489019
val,B-A,Place754,single,1,-1.0704485177993774,-1.069910674894461
val,B-A,Place754,multi,1,0.061463117599487305,0.08423126639665712
val,B-A,Place756,all,2,0.7377766966819763,0.7149755852713905
val,B-A,Place756,single,1,1.2733147144317627,1.2732537681901666
val,B-A,Place756,multi,1,0.20223867893218994,0.15669740235261442
val,B-A,Place757,all,2,0.7232513427734375,0.7044581411289821
val,B-A,Place757,single,1,0.9460768699645996,0.9460781789028405
val,B-A,Place757,multi,1,0.5004258155822754,0.46283810335512365
val,B-A,Place76,all,2,-0.15301573276519775,-0.13976162479658655
val,B-A,Place76,single,1,-0.1262097954750061,-0.12625344088725587
val,B-A,Place76,multi,1,-0.1798216700553894,-0.15326980870591722
val,B-A,Place762,all,2,0.89630126953125,0.691594058287711
val,B-A,Place762,single,1,0.305713415145874,0.3057267109063775
val,B-A,Place762,multi,1,1.486889123916626,1.0774614056690446
val,B-A,Place766,all,2,0.46053850650787354,0.4304381284092089
val,B-A,Place766,single,1,-0.04615473747253418,-0.04594606649524868
val,B-A,Place766,multi,1,0.9672317504882812,0.9068223233136665
val,B-A,Place767,all,2,0.5943037271499634,0.5637420482451405
val,B-A,Place767,single,1,0.4240725040435791,0.4240773968175353
val,B-A,Place767,multi,1,0.7645349502563477,0.7034066996727457
val,B-A,Place768,all,2,0.15991643071174622,0.1473388411988158
val,B-A,Place768,single,1,-0.19004052877426147,-0.190013185324158
val,B-A,Place768,multi,1,0.5098733901977539,0.4846908677217896
val,B-A,Place776,all,2,0.05861830711364746,0.06078217882035741
val,B-A,Place776,single,1,0.32619237899780273,0.3262081580881946
val,B-A,Place776,multi,1,-0.2089557647705078,-0.20464380044747976
val,B-A,Place778,all,2,0.006965041160583496,0.008362757103466983
val,B-A,Place778,single,1,0.36483025550842285,0.3647039295555636
val,B-A,Place778,multi,1,-0.35090017318725586,-0.3479784153486296
val,B-A,Place780,all,2,0.05029234290122986,0.0652672320024048
val,B-A,Place780,single,1,0.3124186396598816,0.3123936188727585
val,B-A,Place780,multi,1,-0.21183395385742188,-0.1818591548679489
val,B-A,Place781,all,2,0.019553840160369873,0.024039035702610845
val,B-A,Place781,single,1,0.29513847827911377,0.2951333138469626
val,B-A,Place781,multi,1,-0.256030797958374,-0.24705524244174093
val,B-A,Place80,all,2,-0.9843357801437378,-0.9842838876560663
val,B-A,Place80,single,1,-0.9159256219863892,-0.9158711216326154
val,B-A,Place80,multi,1,-1.0527459383010864,-1.0526966536795173
val,B-A,Place807,all,2,-0.19780898094177246,-0.19536689180086114
val,B-A,Place807,single,1,-0.2563413381576538,-0.25627828277764475
val,B-A,Place807,multi,1,-0.1392766237258911,-0.13445550082407753
val,B-A,Place808,all,2,-0.10361644625663757,-0.10295856179257273
val,B-A,Place808,single,1,-0.176205575466156,-0.1761647284659561
val,B-A,Place808,multi,1,-0.03102731704711914,-0.029752395119189368
val,B-A,Place813,all,2,0.04100640118122101,0.046746054088098565
val,B-A,Place813,single,1,0.09734359383583069,0.09733318705624472
val,B-A,Place813,multi,1,-0.015330791473388672,-0.003841078880047588
val,B-A,Place824,all,2,0.07366415858268738,0.055046929980597153
val,B-A,Place824,single,1,-0.06444054841995239,-0.06449741716967189
val,B-A,Place824,multi,1,0.21176886558532715,0.1745912771308662
val,B-A,Place828,all,2,-0.0018153488636016846,-0.004683399568168545
val,B-A,Place828,single,1,-0.02042442560195923,-0.0204117880698671
val,B-A,Place828,multi,1,0.01679372787475586,0.011044988933530009
val,B-A,Place829,all,2,0.1683577448129654,0.13855930349899032
val,B-A,Place829,single,1,-0.00918695330619812,-0.00927693419554021
val,B-A,Place829,multi,1,0.3459024429321289,0.28639554119352084
val,B-A,Place831,all,2,0.3302665501832962,0.30838414992027846
val,B-A,Place831,single,1,0.0683538019657135,0.06832473417183282
val,B-A,Place831,multi,1,0.5921792984008789,0.5484435656687241
val,B-A,Place834,all,2,0.2651892639696598,0.25340554890123695
val,B-A,Place834,single,1,0.019594378769397736,0.01931753374041574
val,B-A,Place834,multi,1,0.5107841491699219,0.4874935640620581
val,B-A,Place836,all,2,0.08270809054374695,0.06902714978878272
val,B-A,Place836,single,1,-0.03270155191421509,-0.03272313778027758
val,B-A,Place836,multi,1,0.19811773300170898,0.170777437357843
val,B-A,Place837,all,2,0.08489450812339783,0.07227353984258553
val,B-A,Place837,single,1,-0.03403693437576294,-0.034029237499550835
val,B-A,Place837,multi,1,0.2038259506225586,0.1785763171847219
val,B-A,Place840,all,2,0.03819181025028229,0.0345998817253063
val,B-A,Place840,single,1,0.0434207022190094,0.04354478527380809
val,B-A,Place840,multi,1,0.032962918281555176,0.02565497817680451
val,B-A,Place844,all,2,0.33171141147613525,0.3643232276620405
val,B-A,Place844,single,1,0.6268613338470459,0.6269028395925211
val,B-A,Place844,multi,1,0.03656148910522461,0.10174361573155988
val,B-A,Place845,all,2,-0.042285919189453125,-0.07229123835906537
val,B-A,Place845,single,1,-0.15790152549743652,-0.15788454634512816
val,B-A,Place845,multi,1,0.07332968711853027,0.013302069626997426
val,B-A,Place846,all,2,0.19321924448013306,0.19018792111978639
val,B-A,Place846,single,1,0.11582529544830322,0.11585217077074594
val,B-A,Place846,multi,1,0.2706131935119629,0.2645236714688268
val,B-A,Place854,all,2,-0.1086156964302063,-0.10956280784256714
val,B-A,Place854,single,1,-0.05210614204406738,-0.05202903515724827
val,B-A,Place854,multi,1,-0.16512525081634521,-0.167096580527886
val,B-A,Place86,all,2,-0.19961373507976532,-0.19952229988796005
val,B-A,Place86,single,1,-0.3619505763053894,-0.36196110003797966
val,B-A,Place86,multi,1,-0.037276893854141235,-0.03708349973794045
val,B-A,Place864,all,2,0.16845376789569855,0.1849598177494282
val,B-A,Place864,single,1,0.14240506291389465,0.14249227683340904
val,B-A,Place864,multi,1,0.19450247287750244,0.2274273586654474
val,B-A,Place866,all,2,0.31260260939598083,0.12310038782962948
val,B-A,Place866,single,1,-0.098391592502594,-0.09838610219652427
val,B-A,Place866,multi,1,0.7235968112945557,0.34458687785578324
val,B-A,Place872,all,2,0.3114747107028961,0.15123423946624892
val,B-A,Place872,single,1,-0.17838376760482788,-0.17834178643272613
val,B-A,Place872,multi,1,0.8013331890106201,0.480810265365224
val,B-A,Place875,all,2,-0.43401315063238144,-0.4239513079078611
val,B-A,Place875,single,1,-0.9033574312925339,-0.9021168344751643
val,B-A,Place875,multi,1,0.035331130027770996,0.05421421865944209
val,B-A,Place878,all,2,0.186316579580307,0.19206908246064658
val,B-A,Place878,single,1,0.5680899024009705,0.5675291018153943
val,B-A,Place878,multi,1,-0.19545674324035645,-0.18339093689410113
val,B-A,Place887,all,2,0.05036348104476929,0.06983760875222145
val,B-A,Place887,single,1,1.0882481336593628,1.0872944830307896
val,B-A,Place887,multi,1,-0.9875211715698242,-0.9476192655263467
val,B-A,Place888,all,2,0.22262480854988098,0.26999503433271577
val,B-A,Place888,single,1,0.117495596408844,0.1175109714233522
val,B-A,Place888,multi,1,0.32775402069091797,0.4224790972420793
val,B-A,Place890,all,2,0.20605070888996124,0.16917245241636575
val,B-A,Place890,single,1,-0.29392656683921814,-0.29418395016988363
val,B-A,Place890,multi,1,0.7060279846191406,0.6325288550026151
val,B-A,Place898,all,2,0.029876500368118286,-0.04833620338386929
val,B-A,Place898,single,1,-0.4825686812400818,-0.4826280541078313
val,B-A,Place898,multi,1,0.5423216819763184,0.3859556473400927
val,B-A,Place900,all,2,0.6049680709838867,0.5811442378021248
val,B-A,Place900,single,1,-0.019556760787963867,-0.019516234351400874
val,B-A,Place900,multi,1,1.2294929027557373,1.1818047099556503
val,B-A,Place915,all,2,-0.6625750958919525,-0.5188427547914836
val,B-A,Place915,single,1,-0.10965460538864136,-0.10966136272519345
val,B-A,Place915,multi,1,-1.2154955863952637,-0.9280241468577737
val,B-A,Place919,all,4,0.9887955784797668,0.9872587928099099
val,B-A,Place919,single,1,1.7216264009475708,1.7216070085778448
val,B-A,Place919,multi,3,0.7445186376571655,0.7424760542205983
val,B-A,Place920,all,4,-0.002978876233100891,0.0018689306340797518
val,B-A,Place920,single,1,0.1279466152191162,0.12794108317781094
val,B-A,Place920,multi,3,-0.046620706717173256,-0.04015512021383064
val,B-A,Place924,all,4,-0.28819987177848816,-0.28902737146423496
val,B-A,Place924,single,1,-0.7496061325073242,-0.7496178928143571
val,B-A,Place924,multi,3,-0.13439778486887613,-0.1354971976808609
val,B-A,Place930,all,4,0.0772872194647789,0.06205810283331293
val,B-A,Place930,single,1,0.09114772081375122,0.09116692699464612
val,B-A,Place930,multi,3,0.07266705234845479,0.052355161446201864
val,B-A,Place936,all,4,0.07297787070274353,0.08068278300520562
val,B-A,Place936,single,1,-0.016712069511413574,-0.016709123162547024
val,B-A,Place936,multi,3,0.1028745174407959,0.11314675172778983
val,B-A,Place938,all,4,0.04578042030334473,0.050978776933756104
val,B-A,Place938,single,1,0.36281073093414307,0.36268095707407066
val,B-A,Place938,multi,3,-0.05989634990692139,-0.052921949779682086
val,B-A,Place946,all,4,0.04074419289827347,0.057495513137598486
val,B-A,Place946,single,1,0.8347529470920563,0.8347743042209923
val,B-A,Place946,multi,3,-0.22392539183298746,-0.20159741722353278
val,B-C,Place101,all,2,0.3178569972515106,0.3210505358322756
val,B-C,Place101,single,1,0.6454650461673737,0.6452710744646286
val,B-C,Place101,multi,1,-0.009751051664352417,-0.003170002800077454
val,B-C,Place107,all,2,0.1274319589138031,0.1291318166449612
val,B-C,Place107,single,1,0.236627995967865,0.23656817362183635
val,B-C,Place107,multi,1,0.01823592185974121,0.02169545966808606
val,B-C,Place112,all,2,-0.08407482504844666,-0.07783687227951996
val,B-C,Place112,single,1,0.12118363380432129,0.12119517285823833
val,B-C,Place112,multi,1,-0.2893332839012146,-0.27686891741727826
val,B-C,Place118,all,2,0.12790409475564957,0.1037279177994336
val,B-C,Place118,single,1,-0.25572894513607025,-0.257811041336832
val,B-C,Place118,multi,1,0.5115371346473694,0.46526687693569924
val,B-C,Place12,all,2,0.28103184700012207,0.28128454343169396
val,B-C,Place12,single,1,0.19249892234802246,0.1924991105634435
val,B-C,Place12,multi,1,0.3695647716522217,0.3700699762999444
val,B-C,Place120,all,2,-0.4694610834121704,-0.4598168099186035
val,B-C,Place120,single,1,-0.18534016609191895,-0.18536760799435492
val,B-C,Place120,multi,1,-0.7535820007324219,-0.7342660118428521
val,B-C,Place125,all,2,-0.10839781165122986,-0.10716904746389255
val,B-C,Place125,single,1,-0.2908531427383423,-0.2908589397571011
val,B-C,Place125,multi,1,0.07405751943588257,0.07652084482931598
val,B-C,Place130,all,2,-0.4135901927947998,-0.4300370117595693
val,B-C,Place130,single,1,-0.738351583480835,-0.7382915122260725
val,B-C,Place130,multi,1,-0.08882880210876465,-0.12178251129306616
val,B-C,Place139,all,2,0.06061628460884094,0.061666178561897045
val,B-C,Place139,single,1,0.14287430047988892,0.14289004857530596
val,B-C,Place139,multi,1,-0.02164173126220703,-0.01955769145151187
val,B-C,Place147,all,2,-0.5004197359085083,-0.5002137318855151
val,B-C,Place147,single,1,-0.43480825424194336,-0.4348086462131606
val,B-C,Place147,multi,1,-0.5660312175750732,-0.5656188175578696
val,B-C,Place162,all,2,0.3378680795431137,0.3370144927527869
val,B-C,Place162,single,1,0.015515297651290894,0.015859091192934688
val,B-C,Place162,multi,1,0.6602208614349365,0.6581698943126391
val,B-C,Place168,all,2,0.1653733253479004,0.1653535994445284
val,B-C,Place168,single,1,0.16501998901367188,0.16507844436872476
val,B-C,Place168,multi,1,0.1657266616821289,0.16562875452033204
val,B-C,Place169,all,2,-0.34248630702495575,-0.31900914850686346
val,B-C,Place169,single,1,0.35901811718940735,0.3588958753948954
val,B-C,Place169,multi,1,-1.0439907312393188,-0.9969141724086223
val,B-C,Place17,all,2,-1.1110973358154297,-1.1064070188218889
val,B-C,Place17,single,1,-2.1027050018310547,-2.1026831906544245
val,B-C,Place17,multi,1,-0.11948966979980469,-0.11013084698935316
val,B-C,Place174,all,2,1.0123568177223206,0.9724939223181329
val,B-C,Place174,single,1,0.35486137866973877,0.3548687659838501
val,B-C,Place174,multi,1,1.6698522567749023,1.5901190786524158
val,B-C,Place176,all,2,0.3115638196468353,0.30958726312147694
val,B-C,Place176,single,1,0.5762374997138977,0.5763265368872467
val,B-C,Place176,multi,1,0.04689013957977295,0.04284798935570722
val,B-C,Place177,all,2,0.17503899335861206,0.17362308534727322
val,B-C,Place177,single,1,0.2928711175918579,0.29284630583027593
val,B-C,Place177,multi,1,0.05720686912536621,0.05439986486427051
val,B-C,Place189,all,2,0.7496227025985718,0.6985170471698594
val,B-C,Place189,single,1,-0.0721663236618042,-0.07219216554421537
val,B-C,Place189,multi,1,1.5714117288589478,1.4692262598839343
val,B-C,Place195,all,2,0.6664188504219055,0.6308113526177939
val,B-C,Place195,single,1,0.6601425409317017,0.6600048918620294
val,B-C,Place195,multi,1,0.6726951599121094,0.6016178133735584
val,B-C,Place198,all,2,0.21247512102127075,0.21396923305674204
val,B-C,Place198,single,1,0.4871312379837036,0.4870732154939371
val,B-C,Place198,multi,1,-0.06218099594116211,-0.059134749380453044
val,B-C,Place2,all,2,-0.03674668073654175,-0.03523555215494101
val,B-C,Place2,single,1,-0.001278996467590332,-0.0012843817273329172
val,B-C,Place2,multi,1,-0.07221436500549316,-0.0691867225825491
val,B-C,Place202,all,2,-0.2831927537918091,-0.28052369991338266
val,B-C,Place202,single,1,-0.6837685108184814,-0.6837675094356919
val,B-C,Place202,multi,1,0.11738300323486328,0.12272010960892654
val,B-C,Place209,all,2,0.22317683696746826,0.2228201577692388
val,B-C,Place209,single,1,0.8105407953262329,0.8104886512050768
val,B-C,Place209,multi,1,-0.3641871213912964,-0.36484833566659924
val,B-C,Place21,all,2,-0.2867966890335083,-0.3709381347183387
val,B-C,Place21,single,1,-0.8124783039093018,-0.8124784167915178
val,B-C,Place21,multi,1,0.23888492584228516,0.07060214735484038
val,B-C,Place212,all,2,0.09107565879821777,0.09327782390749007
val,B-C,Place212,single,1,-0.5890469551086426,-0.5890428242323811
val,B-C,Place212,multi,1,0.7711982727050781,0.7755984720473612
val,B-C,Place218,all,2,0.23511511087417603,0.2911503022058409
val,B-C,Place218,single,1,0.11868524551391602,0.11863795468651639
val,B-C,Place218,multi,1,0.35154497623443604,0.46366264972516547
val,B-C,Place219,all,2,0.00982743501663208,0.019771424682514027
val,B-C,Place219,single,1,-0.03881967067718506,-0.038814766052577276
val,B-C,Place219,multi,1,0.05847454071044922,0.07835761541760533
val,B-C,Place229,all,2,-0.08641046285629272,-0.17998727247380494
val,B-C,Place229,single,1,-0.1756981611251831,-0.17564004587555887
val,B-C,Place229,multi,1,0.0028772354125976562,-0.18433449907205102
val,B-C,Place234,all,2,0.18749117851257324,0.1878619088041853
val,B-C,Place234,single,1,0.303952693939209,0.30394992731888193
val,B-C,Place234,multi,1,0.0710296630859375,0.07177389028948866
val,B-C,Place235,all,2,-3.6650288105010986,-2.95429192600516
val,B-C,Place235,single,1,-1.1338400840759277,-1.1338423269116298
val,B-C,Place235,multi,1,-6.1962175369262695,-4.77474152509869
val,B-C,Place237,all,2,9.560822010040283,9.416691666574913
val,B-C,Place237,single,1,7.606993675231934,7.606986462162593
val,B-C,Place237,multi,1,11.514650344848633,11.226396870987232
val,B-C,Place243,all,2,-0.22772681713104248,-0.233989543612166
val,B-C,Place243,single,1,-0.34903717041015625,-0.3490332239410857
val,B-C,Place243,multi,1,-0.10641646385192871,-0.1189458632832463
val,B-C,Place245,all,2,0.8292996883392334,0.8372129210053836
val,B-C,Place245,single,1,4.27382230758667,4.273830528920212
val,B-C,Place245,multi,1,-2.615222930908203,-2.5994046869094447
val,B-C,Place247,all,2,-0.7975478172302246,-0.8242531258962353
val,B-C,Place247,single,1,-2.768037796020508,-2.7680348586859473
val,B-C,Place247,multi,1,1.1729421615600586,1.1195286068934767
val,B-C,Place250,all,2,1.091622531414032,1.0875269027368608
val,B-C,Place250,single,1,0.2098749876022339,0.20981720730831643
val,B-C,Place250,multi,1,1.97337007522583,1.9652365981654052
val,B-C,Place265,all,2,-0.06654906272888184,0.11664954011425588
val,B-C,Place265,single,1,0.40573668479919434,0.40575310254142427
val,B-C,Place265,multi,1,-0.538834810256958,-0.1724540223129125
val,B-C,Place279,all,2,0.13482356071472168,0.13496368009036575
val,B-C,Place279,single,1,0.28029537200927734,0.2802988105052844
val,B-C,Place279,multi,1,-0.010648250579833984,-0.010371450324552889
val,B-C,Place306,all,2,-0.1712520718574524,-0.15271699557648238
val,B-C,Place306,single,1,-0.11097633838653564,-0.11089126493227208
val,B-C,Place306,multi,1,-0.23152780532836914,-0.19454272622069269
val,B-C,Place314,all,2,0.4866594672203064,0.2898098249277554
val,B-C,Place314,single,1,0.03363692760467529,0.03360866812297836
val,B-C,Place314,multi,1,0.9396820068359375,0.5460109817325325
val,B-C,Place32,all,2,-0.6701142191886902,-0.6654075474468275
val,B-C,Place32,single,1,-1.1661018133163452,-1.1657614833294567
val,B-C,Place32,multi,1,-0.17412662506103516,-0.1650536115641983
val,B-C,Place327,all,2,-0.20862340927124023,-0.2068480983745381
val,B-C,Place327,single,1,-0.21293878555297852,-0.21293968475806113
val,B-C,Place327,multi,1,-0.20430803298950195,-0.20075651199101507
val,B-C,Place331,all,2,-0.22458210587501526,-0.2319669492132801
val,B-C,Place331,single,1,-0.19690924882888794,-0.19683962541986677
val,B-C,Place331,multi,1,-0.2522549629211426,-0.2670942730066934
val,B-C,Place340,all,2,0.32220566272735596,0.32222170552381213
val,B-C,Place340,single,1,0.09512162208557129,0.09511512657498677
val,B-C,Place340,multi,1,0.5492897033691406,0.5493282844726375
val,B-C,Place341,all,2,0.0352291464805603,0.03524311209706288
val,B-C,Place341,single,1,0.04306840896606445,0.043065126453759595
val,B-C,Place341,multi,1,0.027389883995056152,0.027421097740366163
val,B-C,Place343,all,2,0.08259207010269165,0.07883422549327529
val,B-C,Place343,single,1,0.15424668788909912,0.1542219914313131
val,B-C,Place343,multi,1,0.01093745231628418,0.00344645955523748
val,B-C,Place347,all,2,-0.07167340815067291,-0.0709184182813859
val,B-C,Place347,single,1,-0.0022319555282592773,-0.0022244963048048128
val,B-C,Place347,multi,1,-0.14111486077308655,-0.13961234025796698
val,B-C,Place348,all,2,0.00047767162322998047,0.01182812381477416
val,B-C,Place348,single,1,0.01804661750793457,0.018045210975063508
val,B-C,Place348,multi,1,-0.01709127426147461,0.005611036654484813
val,B-C,Place354,all,2,-0.053682565689086914,-0.048445714995315026
val,B-C,Place354,single,1,0.007146954536437988,0.007152352219521152
val,B-C,Place354,multi,1,-0.11451208591461182,-0.1040437822101512
val,B-C,Place356,all,2,0.32107414305210114,0.32056268807701044
val,B-C,Place356,single,1,0.3750676214694977,0.37478695664571304
val,B-C,Place356,multi,1,0.2670806646347046,0.26633841950830783
val,B-C,Place359,all,2,0.38010749220848083,0.389941052691887
val,B-C,Place359,single,1,0.4106345772743225,0.4106508244356887
val,B-C,Place359,multi,1,0.34958040714263916,0.3692312809480853
val,B-C,Place360,all,2,-0.46510082483291626,-0.46449698358094627
val,B-C,Place360,single,1,-0.31623923778533936,-0.31624679374830267
val,B-C,Place360,multi,1,-0.6139624118804932,-0.6127471734135899
val,B-C,Place361,all,2,0.3232835531234741,0.31854629461584427
val,B-C,Place361,single,1,0.10574817657470703,0.10575329362448516
val,B-C,Place361,multi,1,0.5408189296722412,0.5313392956072034
val,B-C,Place362,all,2,-0.12573063373565674,-0.12503457381837524
val,B-C,Place362,single,1,0.023744583129882812,0.023747935355678873
val,B-C,Place362,multi,1,-0.2752058506011963,-0.27381708299242935
val,B-C,Place37,all,2,-0.005791753530502319,-0.006080060485793459
val,B-C,Place37,single,1,0.2975630760192871,0.2973289167262685
val,B-C,Place37,multi,1,-0.30914658308029175,-0.3094890376978554
val,B-C,Place370,all,2,0.233004629611969,0.22880462187803452
val,B-C,Place370,single,1,0.21976518630981445,0.2197497151467287
val,B-C,Place370,multi,1,0.24624407291412354,0.23785952860934034
val,B-C,Place372,all,2,-0.3818199634552002,-0.2291902884657721
val,B-C,Place372,single,1,-0.11223363876342773,-0.11222740707743284
val,B-C,Place372,multi,1,-0.6514062881469727,-0.3461531698541114
val,B-C,Place385,all,2,-0.011872559785842896,-0.010537947374275436
val,B-C,Place385,single,1,-0.017793893814086914,-0.01774249300105768
val,B-C,Place385,multi,1,-0.005951225757598877,-0.003333401747493192
val,B-C,Place389,all,2,0.19156581163406372,0.16284699958436222
val,B-C,Place389,single,1,0.2994877099990845,0.29947543162054213
val,B-C,Place389,multi,1,0.08364391326904297,0.026218567548182303
val,B-C,Place393,all,2,0.24352172017097473,0.16526958666028818
val,B-C,Place393,single,1,0.0907016396522522,0.09066406854298215
val,B-C,Place393,multi,1,0.39634180068969727,0.23987510477759422
val,B-C,Place394,all,2,0.92625293135643,0.6986407885053325
val,B-C,Place394,single,1,0.4423765540122986,0.4423433073188998
val,B-C,Place394,multi,1,1.4101293087005615,0.9549382696917652
val,B-C,Place401,all,2,-0.12508872896432877,-0.1376984656524421
val,B-C,Place401,single,1,-0.11850793659687042,-0.11866323567689963
val,B-C,Place401,multi,1,-0.1316695213317871,-0.15673369562798456
val,B-C,Place405,all,2,0.1231643557548523,0.06385758462716273
val,B-C,Place405,single,1,-0.3762439489364624,-0.37616336520379345
val,B-C,Place405,multi,1,0.622572660446167,0.5038785344581189
val,B-C,Place407,all,2,-0.22301208972930908,-0.2203306410640513
val,B-C,Place407,single,1,-0.32713818550109863,-0.3271324053697997
val,B-C,Place407,multi,1,-0.11888599395751953,-0.11352887675830292
val,B-C,Place408,all,2,-0.9816328287124634,-0.9801610750187091
val,B-C,Place408,single,1,-0.560753345489502,-0.5607530986486795
val,B-C,Place408,multi,1,-1.4025123119354248,-1.3995690513887387
val,B-C,Place410,all,2,-0.28360018134117126,-0.28096504316106063
val,B-C,Place410,single,1,-0.004640102386474609,-0.004640104760025743
val,B-C,Place410,multi,1,-0.5625602602958679,-0.5572899815620955
val,B-C,Place411,all,2,0.06336627900600433,0.06269459947820644
val,B-C,Place411,single,1,0.15041035413742065,0.1503885739006544
val,B-C,Place411,multi,1,-0.023677796125411987,-0.024999374944241537
val,B-C,Place418,all,2,-0.07835206389427185,-0.07717051897990318
val,B-C,Place418,single,1,0.14435410499572754,0.14430886547462052
val,B-C,Place418,multi,1,-0.30105823278427124,-0.2986499034344269
val,B-C,Place422,all,2,-2.722660094499588,-2.645321707755658
val,B-C,Place422,single,1,-3.6854400038719177,-3.6852933244447392
val,B-C,Place422,multi,1,-1.7598801851272583,-1.6053500910665768
val,B-C,Place428,all,2,0.0052030086517333984,0.011932589131832039
val,B-C,Place428,single,1,0.1611347198486328,0.16113814676974325
val,B-C,Place428,multi,1,-0.15072870254516602,-0.13727296850607917
val,B-C,Place430,all,2,-0.46932172775268555,-0.4634604865396219
val,B-C,Place430,single,1,-0.26244354248046875,-0.2624429069698442
val,B-C,Place430,multi,1,-0.6761999130249023,-0.6644780661093996
val,B-C,Place440,all,2,-0.014116346836090088,0.027560046543577688
val,B-C,Place440,single,1,0.10921657085418701,0.10920746058071185
val,B-C,Place440,multi,1,-0.1374492645263672,-0.05408736749355647
val,B-C,Place444,all,2,-1.3226770237088203,-0.8902492545410083
val,B-C,Place444,single,1,-0.07700182497501373,-0.07670703718439997
val,B-C,Place444,multi,1,-2.568352222442627,-1.7037914718976168
val,B-C,Place451,all,2,0.040721774101257324,0.041289624785239676
val,B-C,Place451,single,1,0.16048622131347656,0.16048684938114377
val,B-C,Place451,multi,1,-0.07904267311096191,-0.07790759981066442
val,B-C,Place461,all,2,0.0397760272026062,-0.10946908743765621
val,B-C,Place461,single,1,-0.41143476963043213,-0.41134189767897966
val,B-C,Place461,multi,1,0.49098682403564453,0.19240372280366724
val,B-C,Place469,all,2,-0.07366585731506348,-0.11506393247457358
val,B-C,Place469,single,1,-0.2043013572692871,-0.20432932486339772
val,B-C,Place469,multi,1,0.056969642639160156,-0.025798540085749444
val,B-C,Place471,all,2,0.0039529949426651,-0.004808883855883683
val,B-C,Place471,single,1,0.20962169766426086,0.210231064006957
val,B-C,Place471,multi,1,-0.20171570777893066,-0.21984883171872438
val,B-C,Place472,all,2,-0.19846314191818237,-0.19594046785637853
val,B-C,Place472,single,1,-0.12725818157196045,-0.12723345169740208
val,B-C,Place472,multi,1,-0.2696681022644043,-0.264647484015355
val,B-C,Place473,all,2,-0.13208000361919403,-0.12786669681413837
val,B-C,Place473,single,1,0.08386245369911194,0.08405245869688216
val,B-C,Place473,multi,1,-0.3480224609375,-0.3397858523251589
val,B-C,Place476,all,2,-0.22573983669281006,-0.22035924361416803
val,B-C,Place476,single,1,-0.3854033946990967,-0.3848698875844174
val,B-C,Place476,multi,1,-0.06607627868652344,-0.05584859964391864
val,B-C,Place478,all,2,0.23953554034233093,0.14238137027904735
val,B-C,Place478,single,1,-0.038733065128326416,-0.038728695744524866
val,B-C,Place478,multi,1,0.5178041458129883,0.32349143630261956
val,B-C,Place481,all,2,0.16717976331710815,0.13174410899427835
val,B-C,Place481,single,1,-0.23357975482940674,-0.23359006967022733
val,B-C,Place481,multi,1,0.567939281463623,0.49707828765878403
val,B-C,Place483,all,2,0.2522536516189575,0.30002515978841426
val,B-C,Place483,single,1,0.8235633373260498,0.8235570901426392
val,B-C,Place483,multi,1,-0.31905603408813477,-0.2235067705658107
val,B-C,Place484,all,2,-0.09990793466567993,-0.3112178422695083
val,B-C,Place484,single,1,-1.051482915878296,-1.0516179372523269
val,B-C,Place484,multi,1,0.851667046546936,0.42918225271331023
val,B-C,Place485,all,2,-0.06819796562194824,-0.1328271965713922
val,B-C,Place485,single,1,-0.4561920166015625,-0.45621015998404224
val,B-C,Place485,multi,1,0.319796085357666,0.19055576684125786
val,B-C,Place487,all,2,0.3994342088699341,0.3628269465441112
val,B-C,Place487,single,1,0.2341928482055664,0.23420104188652413
val,B-C,Place487,multi,1,0.5646755695343018,0.49145285120169824
val,B-C,Place497,all,2,0.9692919254302979,0.9353987447285959
val,B-C,Place497,single,1,1.1637978553771973,1.1638142643390017
val,B-C,Place497,multi,1,0.7747859954833984,0.70698322511819
val,B-C,Place502,all,2,0.962316244840622,0.9724602173772722
val,B-C,Place502,single,1,1.5631844401359558,1.563292914173956
val,B-C,Place502,multi,1,0.3614480495452881,0.38162752058058835
val,B-C,Place503,all,2,0.07745322585105896,0.08341861236836201
val,B-C,Place503,single,1,0.18366682529449463,0.18380873454770263
val,B-C,Place503,multi,1,-0.02876037359237671,-0.016971509810978613
val,B-C,Place504,all,2,0.5129585266113281,0.49857424503967873
val,B-C,Place504,single,1,0.5907981395721436,0.59080072084289
val,B-C,Place504,multi,1,0.4351189136505127,0.4063477692364674
val,B-C,Place506,all,2,-0.01795223355293274,0.007181955066992318
val,B-C,Place506,single,1,0.009204328060150146,0.009215939805047868
val,B-C,Place506,multi,1,-0.045108795166015625,0.005147970328936768
val,B-C,Place512,all,2,0.8258493542671204,0.8269669590212727
val,B-C,Place512,single,1,-0.18174207210540771,-0.18200798120618522
val,B-C,Place512,multi,1,1.8334407806396484,1.8359418992487306
val,B-C,Place515,all,2,-0.22113794088363647,-0.2068010651509019
val,B-C,Place515,single,1,-0.095039963722229,-0.09508068335013409
val,B-C,Place515,multi,1,-0.34723591804504395,-0.31852144695166973
val,B-C,Place527,all,2,0.226448655128479,0.1537319398663865
val,B-C,Place527,single,1,0.03182482719421387,0.032249879834193584
val,B-C,Place527,multi,1,0.42107248306274414,0.2752139998985794
val,B-C,Place532,all,2,0.12494227290153503,0.13641873299398768
val,B-C,Place532,single,1,0.06311124563217163,0.06258172828053526
val,B-C,Place532,multi,1,0.18677330017089844,0.2102557377074401
val,B-C,Place535,all,2,-0.12446179986000061,-0.11774484549839348
val,B-C,Place535,single,1,0.028213202953338623,0.02809797680884185
val,B-C,Place535,multi,1,-0.27713680267333984,-0.2635876678056288
val,B-C,Place536,all,2,-0.12068042159080505,-0.11133588772803912
val,B-C,Place536,single,1,-0.03671520948410034,-0.03671168707706557
val,B-C,Place536,multi,1,-0.20464563369750977,-0.18596008837901268
val,B-C,Place538,all,2,0.10143327713012695,0.09495276540721989
val,B-C,Place538,single,1,0.17305612564086914,0.17315486494649185
val,B-C,Place538,multi,1,0.029810428619384766,0.016750665867947934
val,B-C,Place548,all,2,-0.13255053758621216,-0.06425895766839923
val,B-C,Place548,single,1,0.053357481956481934,0.0533892637044765
val,B-C,Place548,multi,1,-0.31845855712890625,-0.18190717904127496
val,B-C,Place556,all,2,0.3868461847305298,0.18083380355192546
val,B-C,Place556,single,1,0.1372673511505127,0.13727713602398373
val,B-C,Place556,multi,1,0.6364250183105469,0.2243904710798672
val,B-C,Place574,all,2,0.20351505279541016,0.1678288678691741
val,B-C,Place574,single,1,0.14217329025268555,0.14243682704461708
val,B-C,Place574,multi,1,0.26485681533813477,0.1932209086937311
val,B-C,Place588,all,2,0.017703533172607422,0.04599173884481911
val,B-C,Place588,single,1,0.2871246337890625,0.2871239646948933
val,B-C,Place588,multi,1,-0.25171756744384766,-0.1951404870052551
val,B-C,Place590,all,2,0.31937532126903534,0.2372427607590898
val,B-C,Place590,single,1,0.06487426161766052,0.06485940063321949
val,B-C,Place590,multi,1,0.5738763809204102,0.4096261208849601
val,B-C,Place593,all,2,0.3977840542793274,0.4034143731413763
val,B-C,Place593,single,1,0.2348233461380005,0.2348162217324561
val,B-C,Place593,multi,1,0.5607447624206543,0.5720125245502965
val,B-C,Place598,all,2,-0.16640421748161316,-0.11892838905843554
val,B-C,Place598,single,1,-0.07486134767532349,-0.07451412234448393
val,B-C,Place598,multi,1,-0.25794708728790283,-0.16334265577238716
val,B-C,Place6,all,2,0.2254805713891983,0.20251683854869074
val,B-C,Place6,single,1,-0.0012828409671783447,-0.001351344203351923
val,B-C,Place6,multi,1,0.45224398374557495,0.4063850213007334
val,B-C,Place612,all,2,0.12291872501373291,0.13227170684304446
val,B-C,Place612,single,1,0.1420649290084839,0.1420658378593973
val,B-C,Place612,multi,1,0.10377252101898193,0.12247757582669161
val,B-C,Place615,all,2,-0.09202845394611359,-0.16491161127739762
val,B-C,Place615,single,1,0.028363555669784546,0.028346874987089876
val,B-C,Place615,multi,1,-0.21242046356201172,-0.3581700975418851
val,B-C,Place618,all,2,-0.009854763746261597,-0.015846321725359408
val,B-C,Place618,single,1,-0.08084815740585327,-0.08082844288577135
val,B-C,Place618,multi,1,0.06113862991333008,0.04913579943505253
val,B-C,Place62,all,2,-0.05712457746267319,-0.056309883614654194
val,B-C,Place62,single,1,0.15647335350513458,0.15764946506017324
val,B-C,Place62,multi,1,-0.27072250843048096,-0.27026923228948163
val,B-C,Place624,all,2,0.3792322278022766,0.37848904160190466
val,B-C,Place624,single,1,0.39616072177886963,0.3961825769421248
val,B-C,Place624,multi,1,0.3623037338256836,0.36079550626168455
val,B-C,Place625,all,2,-0.15328538417816162,-0.1696432607771743
val,B-C,Place625,single,1,-0.33024072647094727,-0.33024405718094396
val,B-C,Place625,multi,1,0.023669958114624023,-0.009042464373404613
val,B-C,Place639,all,2,0.11676861345767975,0.11600991600155658
val,B-C,Place639,single,1,0.2440793812274933,0.24420767317067094
val,B-C,Place639,multi,1,-0.010542154312133789,-0.012187841167557778
val,B-C,Place648,all,2,-0.045608460903167725,-0.04185954770729439
val,B-C,Place648,single,1,0.04078948497772217,0.04078983008945758
val,B-C,Place648,multi,1,-0.13200640678405762,-0.12450892550404635
val,B-C,Place650,all,2,0.051092565059661865,0.022499518866656465
val,B-C,Place650,single,1,0.0667494535446167,0.06674899955146274
val,B-C,Place650,multi,1,0.03543567657470703,-0.02174996181814981
val,B-C,Place651,all,2,-0.04361747205257416,-0.003119094260795624
val,B-C,Place651,single,1,0.22287192940711975,0.22225875161938896
val,B-C,Place651,multi,1,-0.31010687351226807,-0.2284969401409802
val,B-C,Place655,all,2,0.004315227270126343,-0.0681981101071269
val,B-C,Place655,single,1,-0.17722254991531372,-0.17724834527117383
val,B-C,Place655,multi,1,0.1858530044555664,0.04085212505692004
val,B-C,Place657,all,2,0.003153979778289795,-0.0019455984272165883
val,B-C,Place657,single,1,0.048680663108825684,0.04873867189832504
val,B-C,Place657,multi,1,-0.042372703552246094,-0.05262986875275821
val,B-C,Place662,all,2,0.5351511687040329,0.5415065065243272
val,B-C,Place662,single,1,1.0869410932064056,1.0868707967544904
val,B-C,Place662,multi,1,-0.016638755798339844,-0.0038577837058360043
val,B-C,Place663,all,2,0.24185390770435333,0.22388954047655632
val,B-C,Place663,single,1,0.2745075523853302,0.2744502058875902
val,B-C,Place663,multi,1,0.20920026302337646,0.17332887506552241
val,B-C,Place665,all,2,-0.10230715572834015,-0.10488932394658498
val,B-C,Place665,single,1,-0.1743321716785431,-0.17418254341669143
val,B-C,Place665,multi,1,-0.030282139778137207,-0.03559610447647854
val,B-C,Place666,all,2,0.8112731277942657,0.6723971901290031
val,B-C,Place666,single,1,-0.3729237914085388,-0.3720450658059185
val,B-C,Place666,multi,1,1.9954700469970703,1.7168394460639247
val,B-C,Place675,all,2,-0.06783853471279144,-0.07581322482832539
val,B-C,Place675,single,1,-0.06096622347831726,-0.06092045650121841
val,B-C,Place675,multi,1,-0.07471084594726562,-0.09070599315543237
val,B-C,Place678,all,2,0.7348174154758453,0.6009216955730643
val,B-C,Place678,single,1,-0.06989830732345581,-0.06923063441679617
val,B-C,Place678,multi,1,1.5395331382751465,1.2710740255629247
val,B-C,Place690,all,2,0.4250181317329407,0.3757017843014147
val,B-C,Place690,single,1,0.2311018705368042,0.23109631898786398
val,B-C,Place690,multi,1,0.6189343929290771,0.5203072496149654
val,B-C,Place694,all,2,-0.29566824436187744,-0.2761191975903966
val,B-C,Place694,single,1,-0.47127604484558105,-0.47140155716518023
val,B-C,Place694,multi,1,-0.12006044387817383,-0.08083683801561303
val,B-C,Place695,all,2,0.005841493606567383,-0.004808321799786172
val,B-C,Place695,single,1,-0.1519482135772705,-0.15191455096094095
val,B-C,Place695,multi,1,0.16363120079040527,0.1422979073613686
val,B-C,Place696,all,2,-0.061799198389053345,-0.07176533447333719
val,B-C,Place696,single,1,-0.1350272297859192,-0.1346563676721097
val,B-C,Place696,multi,1,0.0114288330078125,-0.008874301274564678
val,B-C,Place698,all,2,-0.25390368700027466,-0.2446320635726751
val,B-C,Place698,single,1,-0.29871416091918945,-0.29835963803376747
val,B-C,Place698,multi,1,-0.20909321308135986,-0.19090448911158275
val,B-C,Place699,all,2,-0.07198938727378845,-0.06657579246446609
val,B-C,Place699,single,1,-0.07121104001998901,-0.07107531821011268
val,B-C,Place699,multi,1,-0.07276773452758789,-0.062076266718819495
val,B-C,Place703,all,2,0.056091099977493286,0.055748224891560116
val,B-C,Place703,single,1,-0.33991366624832153,-0.34002687194803605
val,B-C,Place703,multi,1,0.4520958662033081,0.4515233217311563
val,B-C,Place705,all,2,0.28734731674194336,0.26917848298375874
val,B-C,Place705,single,1,0.10360002517700195,0.1036131757967157
val,B-C,Place705,multi,1,0.47109460830688477,0.4347437901708018
val,B-C,Place710,all,2,-0.09698563814163208,-0.11343451459729825
val,B-C,Place710,single,1,0.07264792919158936,0.07265387778292376
val,B-C,Place710,multi,1,-0.2666192054748535,-0.29952290697752026
val,B-C,Place720,all,2,0.013860277831554413,0.013099609495900437
val,B-C,Place720,single,1,-0.02445937693119049,-0.02445211876541044
val,B-C,Place720,multi,1,0.052179932594299316,0.05065133775721131
val,B-C,Place722,all,2,-0.10725133866071701,-0.09830884972685608
val,B-C,Place722,single,1,0.025155439972877502,0.024899192133022996
val,B-C,Place722,multi,1,-0.23965811729431152,-0.22151689158673515
val,B-C,Place725,all,2,-0.08532587438821793,-0.03841459252610652
val,B-C,Place725,single,1,0.20929722487926483,0.2094343431341371
val,B-C,Place725,multi,1,-0.3799489736557007,-0.28626352818635015
val,B-C,Place73,all,2,0.22832942008972168,0.23012525753834712
val,B-C,Place73,single,1,0.48180174827575684,0.48178497391744757
val,B-C,Place73,multi,1,-0.025142908096313477,-0.021534458840753334
val,B-C,Place731,all,2,0.13540112972259521,0.14248961958984235
val,B-C,Place731,single,1,0.35080385208129883,0.3506842541933738
val,B-C,Place731,multi,1,-0.0800015926361084,-0.06570501501368908
val,B-C,Place732,all,2,-0.01894872449338436,-0.017651151558786216
val,B-C,Place732,single,1,-0.16736076399683952,-0.16393021452005996
val,B-C,Place732,multi,1,0.1294633150100708,0.12862791140248753
val,B-C,Place733,all,2,0.0472157746553421,0.04680251632655158
val,B-C,Place733,single,1,0.07262876629829407,0.07265159877197591
val,B-C,Place733,multi,1,0.021802783012390137,0.020953433881127248
val,B-C,Place743,all,2,-0.03779682517051697,-0.03846287878502608
val,B-C,Place743,single,1,0.028235316276550293,0.028218280292432563
val,B-C,Place743,multi,1,-0.10382896661758423,-0.10514403786248472
val,B-C,Place747,all,2,-0.12102018296718597,-0.11797935660827244
val,B-C,Place747,single,1,-0.052304476499557495,-0.05226195628514457
val,B-C,Place747,multi,1,-0.18973588943481445,-0.1836967569314003
val,B-C,Place749,all,2,0.29201918840408325,0.019511694325194673
val,B-C,Place749,single,1,-0.26383912563323975,-0.26378146398827884
val,B-C,Place749,multi,1,0.8478775024414062,0.3028048526386682
val,B-C,Place753,all,2,-0.3831627368927002,-0.4245744323326939
val,B-C,Place753,single,1,-2.123547077178955,-2.123564428502741
val,B-C,Place753,multi,1,1.3572216033935547,1.274415563837353
val,B-C,Place754,all,2,-0.2695774435997009,-0.24443631911696317
val,B-C,Place754,single,1,-0.35075700283050537,-0.3503552805118617
val,B-C,Place754,multi,1,-0.18839788436889648,-0.13851735772206464
val,B-C,Place756,all,2,0.21476393938064575,0.24992098704494992
val,B-C,Place756,single,1,0.7211823463439941,0.7211716187366108
val,B-C,Place756,multi,1,-0.29165446758270264,-0.221329644646711
val,B-C,Place757,all,2,0.5163513422012329,0.49684043367510766
val,B-C,Place757,single,1,0.5484874248504639,0.5484929971622254
val,B-C,Place757,multi,1,0.48421525955200195,0.4451878701879899
val,B-C,Place76,all,2,-0.023549556732177734,-0.0231637891659649
val,B-C,Place76,single,1,0.025328218936920166,0.02532102564512162
val,B-C,Place76,multi,1,-0.07242733240127563,-0.07164860397705142
val,B-C,Place762,all,2,0.6463647782802582,0.47872503506779807
val,B-C,Place762,single,1,0.47322291135787964,0.4732268406684583
val,B-C,Place762,multi,1,0.8195066452026367,0.4842232294671378
val,B-C,Place766,all,2,1.2096384763717651,1.1230639673086067
val,B-C,Place766,single,1,-0.19442152976989746,-0.194280411625537
val,B-C,Place766,multi,1,2.6136984825134277,2.4404083462427506
val,B-C,Place767,all,2,0.6332588195800781,0.6287546996838866
val,B-C,Place767,single,1,1.0633935928344727,1.063403822592996
val,B-C,Place767,multi,1,0.2031240463256836,0.19410557677477724
val,B-C,Place768,all,2,-0.052257150411605835,-0.06096263218316589
val,B-C,Place768,single,1,-0.32631462812423706,-0.32628189969143784
val,B-C,Place768,multi,1,0.2218003273010254,0.20435663532510606
val,B-C,Place776,all,2,0.10761722922325134,0.11205151541780956
val,B-C,Place776,single,1,0.33375853300094604,0.3337708959439374
val,B-C,Place776,multi,1,-0.11852407455444336,-0.10966786510831827
val,B-C,Place778,all,2,-0.36340126395225525,-0.345304362706639
val,B-C,Place778,single,1,0.085316002368927,0.08533457694852764
val,B-C,Place778,multi,1,-0.8121185302734375,-0.7759433023618056
val,B-C,Place780,all,2,-0.1412513256072998,-0.13744958268409357
val,B-C,Place780,single,1,-0.1946120262145996,-0.19461728840447057
val,B-C,Place780,multi,1,-0.087890625,-0.08028187696371658
val,B-C,Place781,all,2,-0.2758217453956604,-0.27318003408451697
val,B-C,Place781,single,1,-0.23026669025421143,-0.23024729085863171
val,B-C,Place781,multi,1,-0.3213768005371094,-0.3161127773104022
val,B-C,Place80,all,2,0.1233627200126648,0.12335388277464149
val,B-C,Place80,single,1,0.2829737663269043,0.2829425420513404
val,B-C,Place80,multi,1,-0.03624832630157471,-0.03623477650205742
val,B-C,Place807,all,2,0.013133347034454346,0.012523415300898622
val,B-C,Place807,single,1,-0.032532453536987305,-0.032513512579001924
val,B-C,Place807,multi,1,0.058799147605895996,0.05756034318079917
val,B-C,Place808,all,2,-0.01074191927909851,-0.009133331746670525
val,B-C,Place808,single,1,0.07589691877365112,0.0758424276642542
val,B-C,Place808,multi,1,-0.09738075733184814,-0.09410909115759525
val,B-C,Place813,all,2,0.37195637822151184,0.31191165225061335
val,B-C,Place813,single,1,0.12045454978942871,0.12053934179620207
val,B-C,Place813,multi,1,0.623458206653595,0.5032839627050246
val,B-C,Place824,all,2,0.0057672858238220215,0.01569023829543119
val,B-C,Place824,single,1,0.2032550573348999,0.20343356476638483
val,B-C,Place824,multi,1,-0.19172048568725586,-0.17205308817552245
val,B-C,Place828,all,2,-0.08183139562606812,-0.08197741518793306
val,B-C,Place828,single,1,-0.0008327960968017578,-0.0008351993271821234
val,B-C,Place828,multi,1,-0.16282999515533447,-0.163119631048684
val,B-C,Place829,all,2,0.19603821635246277,0.15093036174568214
val,B-C,Place829,single,1,-0.17498642206192017,-0.1752783155685077
val,B-C,Place829,multi,1,0.5670628547668457,0.477139039059872
val,B-C,Place831,all,2,0.002820327877998352,0.012130452310206347
val,B-C,Place831,single,1,-0.09278711676597595,-0.09277034146025948
val,B-C,Place831,multi,1,0.09842777252197266,0.11703124608067217
val,B-C,Place834,all,2,0.18874020129442215,0.1760709770255445
val,B-C,Place834,single,1,-0.02921496331691742,-0.02931584331135656
val,B-C,Place834,multi,1,0.4066953659057617,0.38145779736244556
val,B-C,Place836,all,2,-0.0002716630697250366,0.0023601000593825305
val,B-C,Place836,single,1,0.0670957863330841,0.06701833735004714
val,B-C,Place836,multi,1,-0.06763911247253418,-0.06229813723128208
val,B-C,Place837,all,2,-0.02333514392375946,-0.018144132758422138
val,B-C,Place837,single,1,0.14825180172920227,0.14832134677727138
val,B-C,Place837,multi,1,-0.1949220895767212,-0.18460961229411565
val,B-C,Place840,all,2,-0.11367489397525787,-0.11712593479292518
val,B-C,Place840,single,1,-0.2164415419101715,-0.2168786140673839
val,B-C,Place840,multi,1,-0.010908246040344238,-0.01737325551846647
val,B-C,Place844,all,2,-0.00940212607383728,-0.011411137126919935
val,B-C,Place844,single,1,-0.02488631010055542,-0.024861005213470233
val,B-C,Place844,multi,1,0.006082057952880859,0.0020387309596303638
val,B-C,Place845,all,2,-0.11014789342880249,-0.09804721531961225
val,B-C,Place845,single,1,-0.1859673261642456,-0.18592829403673572
val,B-C,Place845,multi,1,-0.034328460693359375,-0.010166136602488773
val,B-C,Place846,all,2,0.15727651119232178,0.16056592066299863
val,B-C,Place846,single,1,0.0972280502319336,0.09724664558044627
val,B-C,Place846,multi,1,0.21732497215270996,0.223885195745551
val,B-C,Place854,all,2,-0.02654985338449478,-0.027319599042753356
val,B-C,Place854,single,1,0.05485557019710541,0.05478737092558733
val,B-C,Place854,multi,1,-0.10795527696609497,-0.10942656901109404
val,B-C,Place86,all,2,-0.019724220037460327,-0.01966469598152526
val,B-C,Place86,single,1,0.05708792805671692,0.05709676337772551
val,B-C,Place86,multi,1,-0.09653636813163757,-0.09642615534077603
val,B-C,Place864,all,2,0.26758579909801483,0.27652748418155376
val,B-C,Place864,single,1,0.306741327047348,0.30749513398190464
val,B-C,Place864,multi,1,0.22843027114868164,0.24555983438120288
val,B-C,Place866,all,2,0.25902992486953735,0.07865378524876679
val,B-C,Place866,single,1,-0.05534827709197998,-0.05528326687941293
val,B-C,Place866,multi,1,0.5734081268310547,0.2125908373769465
val,B-C,Place872,all,2,0.11199185252189636,-0.023024934599951807
val,B-C,Place872,single,1,-0.49393826723098755,-0.493830878487294
val,B-C,Place872,multi,1,0.7179219722747803,0.4477810092873904
val,B-C,Place875,all,2,-0.025517992675304413,-0.04678369257992235
val,B-C,Place875,single,1,-0.29503296315670013,-0.29388890014513486
val,B-C,Place875,multi,1,0.2439969778060913,0.20032151498529016
val,B-C,Place878,all,2,0.05163615942001343,0.08322310922810461
val,B-C,Place878,single,1,0.03216814994812012,0.03218099224069437
val,B-C,Place878,multi,1,0.07110416889190674,0.13426522621551484
val,B-C,Place887,all,2,-0.37645769119262695,-0.3684212113628639
val,B-C,Place887,single,1,-0.33841657638549805,-0.33838367124122226
val,B-C,Place887,multi,1,-0.41449880599975586,-0.3984587514845055
val,B-C,Place888,all,2,0.6693898886442184,0.5503072524961823
val,B-C,Place888,single,1,0.06285080313682556,0.06282689449232404
val,B-C,Place888,multi,1,1.2759289741516113,1.0377876105000405
val,B-C,Place890,all,2,-0.11835287511348724,-0.13688520725390846
val,B-C,Place890,single,1,-0.6461715400218964,-0.6465903881260268
val,B-C,Place890,multi,1,0.4094657897949219,0.37281997361820984
val,B-C,Place898,all,2,0.16011235117912292,0.09290368943191668
val,B-C,Place898,single,1,-0.15201860666275024,-0.1520280270549098
val,B-C,Place898,multi,1,0.4722433090209961,0.33783540591874317
val,B-C,Place900,all,2,0.2440786510705948,0.222573720156663
val,B-C,Place900,single,1,-0.41066715121269226,-0.41051044367587886
val,B-C,Place900,multi,1,0.8988244533538818,0.8556578839892048
val,B-C,Place915,all,2,-0.21430248022079468,-0.1737256125883101
val,B-C,Place915,single,1,-0.019846320152282715,-0.019860654165843927
val,B-C,Place915,multi,1,-0.40875864028930664,-0.32759057101077627
val,B-C,Place919,all,4,-0.27151238918304443,-0.27126852334002716
val,B-C,Place919,single,1,-0.3848881721496582,-0.38489213468927863
val,B-C,Place919,multi,3,-0.2337204615275065,-0.23339398622361
val,B-C,Place920,all,4,-0.15973909199237823,-0.13278415288055745
val,B-C,Place920,single,1,0.08755183219909668,0.0875474732992021
val,B-C,Place920,multi,3,-0.24216940005620322,-0.20622802827381062
val,B-C,Place924,all,4,0.2322889119386673,0.22691760100834457
val,B-C,Place924,single,1,0.5019747614860535,0.5020244008406356
val,B-C,Place924,multi,3,0.14239362875620523,0.1352153343975809
val,B-C,Place930,all,4,0.228440061211586,0.19627243752583443
val,B-C,Place930,single,1,0.2589190602302551,0.259106024903566
val,B-C,Place930,multi,3,0.21828039487202963,0.17532790839992393
val,B-C,Place936,all,4,0.18285802006721497,0.12375603684647035
val,B-C,Place936,single,1,0.18438637256622314,0.18432453810285399
val,B-C,Place936,multi,3,0.18234856923421225,0.10356653642767581
val,B-C,Place938,all,4,0.11153876781463623,0.084697208418927
val,B-C,Place938,single,1,0.09820115566253662,0.09817038007705581
val,B-C,Place938,multi,3,0.11598463853200276,0.08020615119955073
val,B-C,Place946,all,4,-0.005994737148284912,-0.029582722151275997
val,B-C,Place946,single,1,-0.7660784721374512,-0.7660710800615302
val,B-C,Place946,multi,3,0.24736650784810385,0.21591339715214208
test,B-A,Place105,all,2,-0.2755456566810608,-0.27490568533465276
test,B-A,Place105,single,1,-0.17098629474639893,-0.17099106063088865
test,B-A,Place105,multi,1,-0.38010501861572266,-0.3788203100384169
test,B-A,Place14,all,2,0.09022367000579834,0.18938199453944848
test,B-A,Place14,single,1,1.3746461868286133,1.3746391137516376
test,B-A,Place14,multi,1,-1.1941988468170166,-0.9958751246727406
test,B-A,Place140,all,2,0.3647500276565552,0.36508120318583615
test,B-A,Place140,single,1,-0.23085904121398926,-0.23085616321136548
test,B-A,Place140,multi,1,0.9603590965270996,0.9610185695830378
test,B-A,Place141,all,2,-0.5105133056640625,-0.5082270073667372
test,B-A,Place141,single,1,-0.5709114074707031,-0.5709077860788287
test,B-A,Place141,multi,1,-0.4501152038574219,-0.44554622865464566
test,B-A,Place156,all,2,0.23611998558044434,0.23452159632628594
test,B-A,Place156,single,1,0.35286688804626465,0.3528769389205625
test,B-A,Place156,multi,1,0.11937308311462402,0.1161662537320094
test,B-A,Place160,all,2,0.0750979334115982,0.07377827164117753
test,B-A,Place160,single,1,-0.04559239745140076,-0.0457425319188986
test,B-A,Place160,multi,1,0.19578826427459717,0.19329907520125367
test,B-A,Place173,all,2,0.5814192295074463,0.5506638384334461
test,B-A,Place173,single,1,0.060773372650146484,0.0607726889486524
test,B-A,Place173,multi,1,1.102065086364746,1.0405549879182399
test,B-A,Place20,all,2,0.005529999732971191,0.000739693705163802
test,B-A,Place20,single,1,-0.06085324287414551,-0.06085560709032478
test,B-A,Place20,multi,1,0.07191324234008789,0.062334994500652385
test,B-A,Place204,all,2,-0.7288584113121033,-0.6941338598624132
test,B-A,Place204,single,1,-0.33141887187957764,-0.3317272748605244
test,B-A,Place204,multi,1,-1.126297950744629,-1.0565404448643019
test,B-A,Place206,all,2,0.16711190342903137,0.16277861212360506
test,B-A,Place206,single,1,0.4543740153312683,0.4544784393539735
test,B-A,Place206,multi,1,-0.12015020847320557,-0.12892121510676335
test,B-A,Place208,all,2,0.6791515797376633,0.6603607802110976
test,B-A,Place208,single,1,0.8227278590202332,0.8225939935764984
test,B-A,Place208,multi,1,0.5355753004550934,0.49812756684569676
test,B-A,Place221,all,2,0.31855833530426025,0.3179131026867199
test,B-A,Place221,single,1,0.7239630222320557,0.7239634164044624
test,B-A,Place221,multi,1,-0.08684635162353516,-0.08813721103102257
test,B-A,Place227,all,2,0.9020510911941528,0.8932212785895233
test,B-A,Place227,single,1,1.1738088130950928,1.1738403843262115
test,B-A,Place227,multi,1,0.6302933692932129,0.612602172852835
test,B-A,Place228,all,2,-0.027394115924835205,-0.02703077650579455
test,B-A,Place228,single,1,-0.13788020610809326,-0.1379061744245742
test,B-A,Place228,multi,1,0.08309197425842285,0.0838446214129851
test,B-A,Place249,all,2,0.005997180938720703,0.08894348258246598
test,B-A,Place249,single,1,-0.3640165328979492,-0.3640148700902923
test,B-A,Place249,multi,1,0.3760108947753906,0.5419018352552243
test,B-A,Place275,all,2,0.29238104820251465,0.29365555924440834
test,B-A,Place275,single,1,0.7635304927825928,0.763534939999106
test,B-A,Place275,multi,1,-0.17876839637756348,-0.17622382151028937
test,B-A,Place277,all,2,0.3149949312210083,0.3151545716133848
test,B-A,Place277,single,1,0.08980584144592285,0.08979984721686485
test,B-A,Place277,multi,1,0.5401840209960938,0.5405092960099047
test,B-A,Place283,all,2,2.050620973110199,1.763083320077245
test,B-A,Place283,single,1,1.474282145500183,1.4743108541654886
test,B-A,Place283,multi,1,2.626959800720215,2.0518557859890016
test,B-A,Place285,all,2,0.38154149055480957,0.38240731206826606
test,B-A,Place285,single,1,0.6685137748718262,0.6685251474085874
test,B-A,Place285,multi,1,0.09456920623779297,0.09628947672794474
test,B-A,Place300,all,2,-0.007929325103759766,-0.024378801125736094
test,B-A,Place300,single,1,-0.06090259552001953,-0.06090341141489586
test,B-A,Place300,multi,1,0.0450439453125,0.012145809163423671
test,B-A,Place305,all,2,-0.82524573802948,-0.6250489872394094
test,B-A,Place305,single,1,-0.6918423175811768,-0.6918688544525445
test,B-A,Place305,multi,1,-0.9586491584777832,-0.5582291200262741
test,B-A,Place309,all,2,0.10215777158737183,0.10270144049090074
test,B-A,Place309,single,1,0.30872952938079834,0.30875129303746707
test,B-A,Place309,multi,1,-0.10441398620605469,-0.10334841205566558
test,B-A,Place316,all,2,0.2979206442832947,0.2642917347825987
test,B-A,Place316,single,1,0.30357062816619873,0.30356608861092016
test,B-A,Place316,multi,1,0.2922706604003906,0.22501738095427726
test,B-A,Place318,all,2,0.10919144749641418,0.10282668093471081
test,B-A,Place318,single,1,-0.12169539928436279,-0.12168469382167713
test,B-A,Place318,multi,1,0.34007829427719116,0.32733805569109875
test,B-A,Place320,all,2,-0.024989843368530273,-0.06455264511445591
test,B-A,Place320,single,1,-0.4943976402282715,-0.49440647192288556
test,B-A,Place320,multi,1,0.44441795349121094,0.36530118169397374
test,B-A,Place35,all,2,-0.23644661903381348,-0.2347767612210049
test,B-A,Place35,single,1,-0.4221367835998535,-0.422101063973866
test,B-A,Place35,multi,1,-0.05075645446777344,-0.04745245846814383
test,B-A,Place357,all,2,-0.9047965407371521,-0.8119094553601564
test,B-A,Place357,single,1,-0.8989270925521851,-0.8988982255965807
test,B-A,Place357,multi,1,-0.9106659889221191,-0.724920685123732
test,B-A,Place364,all,2,0.04855358600616455,0.020414274769262386
test,B-A,Place364,single,1,-0.02492046356201172,-0.02492212885211531
test,B-A,Place364,multi,1,0.12202763557434082,0.06575067839064008
test,B-A,Place369,all,2,-0.035808563232421875,-0.03562073691315093
test,B-A,Place369,single,1,-0.18763351440429688,-0.18764717685279075
test,B-A,Place369,multi,1,0.11601638793945312,0.1164057030264889
test,B-A,Place371,all,2,0.2694109082221985,0.26103624322632396
test,B-A,Place371,single,1,0.2695978879928589,0.2696128595360816
test,B-A,Place371,multi,1,0.2692239284515381,0.2524596269165663
test,B-A,Place376,all,2,0.0897383987903595,0.07572252273876146
test,B-A,Place376,single,1,-0.029403626918792725,-0.029401953218207932
test,B-A,Place376,multi,1,0.20888042449951172,0.18084699869573084
test,B-A,Place379,all,2,0.16120976209640503,0.15900698046131734
test,B-A,Place379,single,1,-0.025757312774658203,-0.02573733782427967
test,B-A,Place379,multi,1,0.34817683696746826,0.34375129874691435
test,B-A,Place38,all,2,-0.3106843829154968,-0.3055481145288355
test,B-A,Place38,single,1,-0.38747209310531616,-0.38737069769390153
test,B-A,Place38,multi,1,-0.2338966727256775,-0.2237255313637695
test,B-A,Place381,all,2,-0.12488245964050293,-0.04271509417933084
test,B-A,Place381,single,1,0.3871426582336426,0.3871281066914891
test,B-A,Place381,multi,1,-0.6369075775146484,-0.4725582950501508
test,B-A,Place39,all,2,-2.509987950325012,-2.5095271482477255
test,B-A,Place39,single,1,-2.630344867706299,-2.6303651059227735
test,B-A,Place39,multi,1,-2.3896310329437256,-2.3886891905726775
test,B-A,Place419,all,2,-0.10970062017440796,-0.10990723814486958
test,B-A,Place419,single,1,-0.48611485958099365,-0.48612452909498227
test,B-A,Place419,multi,1,0.26671361923217773,0.2663100528052431
test,B-A,Place439,all,2,0.06258797645568848,0.1453852656547664
test,B-A,Place439,single,1,-0.04008817672729492,-0.0400542758202691
test,B-A,Place439,multi,1,0.16526412963867188,0.3308248071298019
test,B-A,Place450,all,2,0.020840942859649658,-0.011816956953456803
test,B-A,Place450,single,1,-0.24708259105682373,-0.24699242092133444
test,B-A,Place450,multi,1,0.28876447677612305,0.22335850701442084
test,B-A,Place457,all,2,1.412291407585144,0.8814813566109998
test,B-A,Place457,single,1,0.2645707130432129,0.26457500317023275
test,B-A,Place457,multi,1,2.560012102127075,1.4983877100517669
test,B-A,Place46,all,2,0.24019843339920044,0.2428409615362913
test,B-A,Place46,single,1,0.6090258359909058,0.609045888701641
test,B-A,Place46,multi,1,-0.12862896919250488,-0.12336396562905838
test,B-A,Place475,all,2,0.4141746461391449,0.34413184611842884
test,B-A,Place475,single,1,0.35500115156173706,0.3550672874420058
test,B-A,Place475,multi,1,0.47334814071655273,0.3331964047948519
test,B-A,Place494,all,2,0.5191149711608887,0.4345906850073078
test,B-A,Place494,single,1,0.5424654483795166,0.542465285337185
test,B-A,Place494,multi,1,0.49576449394226074,0.32671608467743063
test,B-A,Place508,all,2,0.03637787699699402,0.03379644498293742
test,B-A,Place508,single,1,-0.05414825677871704,-0.05343464166939629
test,B-A,Place508,multi,1,0.12690401077270508,0.12102753163527114
test,B-A,Place513,all,2,0.10443353652954102,0.09660633880274966
test,B-A,Place513,single,1,-0.45788002014160156,-0.4577760961410483
test,B-A,Place513,multi,1,0.6667470932006836,0.6509887737465476
test,B-A,Place525,all,2,-0.3687020540237427,-0.35258438288988675
test,B-A,Place525,single,1,-0.3446621894836426,-0.3446665009323596
test,B-A,Place525,multi,1,-0.3927419185638428,-0.3605022648474139
test,B-A,Place53,all,2,-0.8540681004524231,-0.8531956330907793
test,B-A,Place53,single,1,-0.9104482531547546,-0.909587557658633
test,B-A,Place53,multi,1,-0.7976879477500916,-0.7968037085229255
test,B-A,Place531,all,2,0.05707073211669922,0.07530073322475961
test,B-A,Place531,single,1,0.12982702255249023,0.12982297123190922
test,B-A,Place531,multi,1,-0.015685558319091797,0.020778495217609994
test,B-A,Place539,all,2,-0.04096411168575287,-0.03123519857510157
test,B-A,Place539,single,1,-0.10641714930534363,-0.10660735889840506
test,B-A,Place539,multi,1,0.02448892593383789,0.04413696174820192
test,B-A,Place544,all,2,-0.22451961040496826,-0.19653758991140924
test,B-A,Place544,single,1,-0.24575209617614746,-0.24575356519056246
test,B-A,Place544,multi,1,-0.20328712463378906,-0.14732161463225601
test,B-A,Place551,all,2,-0.8486559391021729,-0.8365577080813777
test,B-A,Place551,single,1,-0.1851201057434082,-0.18512681298562095
test,B-A,Place551,multi,1,-1.5121917724609375,-1.4879886031771346
test,B-A,Place567,all,2,0.2681410014629364,0.2717730989466514
test,B-A,Place567,single,1,0.26271313428878784,0.26269223780254347
test,B-A,Place567,multi,1,0.27356886863708496,0.28085396009075936
test,B-A,Place576,all,2,-0.10045111179351807,-0.03237205626122486
test,B-A,Place576,single,1,0.4419577121734619,0.4421195832931324
test,B-A,Place576,multi,1,-0.642859935760498,-0.5068636958155821
test,B-A,Place579,all,2,-0.030512094497680664,-0.04708782931908517
test,B-A,Place579,single,1,-0.1347332000732422,-0.13464697102266165
test,B-A,Place579,multi,1,0.07370901107788086,0.04047131238449131
test,B-A,Place585,all,2,-0.12635935097932816,-0.08469342353450185
test,B-A,Place585,single,1,0.04446958005428314,0.04415768200427679
test,B-A,Place585,multi,1,-0.29718828201293945,-0.21354452907328048
test,B-A,Place592,all,2,-0.027989983558654785,0.003839673522649245
test,B-A,Place592,single,1,-0.09715676307678223,-0.0971604435871718
test,B-A,Place592,multi,1,0.041176795959472656,0.10483979063247029
test,B-A,Place602,all,2,-0.09537156671285629,-0.1019123965584073
test,B-A,Place602,single,1,-0.23411719501018524,-0.2341095306220015
test,B-A,Place602,multi,1,0.043374061584472656,0.0302847375051869
test,B-A,Place608,all,2,-0.029350638389587402,-0.022435282503219245
test,B-A,Place608,single,1,0.07968151569366455,0.07964867532740394
test,B-A,Place608,multi,1,-0.13838279247283936,-0.12451924033384243
test,B-A,Place616,all,2,-0.2922900319099426,-0.21924536677707196
test,B-A,Place616,single,1,-0.22168457508087158,-0.2216580051116117
test,B-A,Place616,multi,1,-0.36289548873901367,-0.2168327284425322
test,B-A,Place619,all,2,-0.3031632602214813,-0.3091978754579113
test,B-A,Place619,single,1,-0.23593109846115112,-0.23587637276190387
test,B-A,Place619,multi,1,-0.3703954219818115,-0.3825193781539187
test,B-A,Place63,all,2,-0.059928953647613525,-0.028053890580965163
test,B-A,Place63,single,1,0.3446406126022339,0.34452039974216114
test,B-A,Place63,multi,1,-0.46449851989746094,-0.40062818090409147
test,B-A,Place646,all,2,-0.6209123283624649,-0.5986740761061307
test,B-A,Place646,single,1,-0.9476392567157745,-0.9467751323450178
test,B-A,Place646,multi,1,-0.2941854000091553,-0.25057301986724356
test,B-A,Place679,all,2,-1.316435918211937,-1.3048076783033693
test,B-A,Place679,single,1,-0.034401148557662964,-0.03434462626293561
test,B-A,Place679,multi,1,-2.598470687866211,-2.575270730343803
test,B-A,Place686,all,2,-0.2402326613664627,-0.22656619299076872
test,B-A,Place686,single,1,-0.05875769257545471,-0.058779559372027224
test,B-A,Place686,multi,1,-0.4217076301574707,-0.3943528266095102
test,B-A,Place704,all,2,0.03239455819129944,0.03283046072347007
test,B-A,Place704,single,1,-0.10858416557312012,-0.10858063689549902
test,B-A,Place704,multi,1,0.173373281955719,0.17424155834243915
test,B-A,Place708,all,2,0.36836570501327515,0.3707699494004626
test,B-A,Place708,single,1,0.3146013021469116,0.314577914531295
test,B-A,Place708,multi,1,0.42213010787963867,0.42696198426963017
test,B-A,Place715,all,2,-0.5838442146778107,-0.5007485168745041
test,B-A,Place715,single,1,-0.6252872347831726,-0.6252520045530718
test,B-A,Place715,multi,1,-0.5424011945724487,-0.3762450291959363
test,B-A,Place74,all,2,0.10933738946914673,0.10939407722275818
test,B-A,Place74,single,1,0.3069601058959961,0.3069786869819029
test,B-A,Place74,multi,1,-0.08828532695770264,-0.08819053253638653
test,B-A,Place744,all,2,-0.23887419700622559,-0.21016357928747292
test,B-A,Place744,single,1,-0.405661940574646,-0.4056229442702156
test,B-A,Place744,multi,1,-0.07208645343780518,-0.014704214304730234
test,B-A,Place752,all,2,0.8933438956737518,0.7269952981176062
test,B-A,Place752,single,1,0.17778056859970093,0.17766114789866183
test,B-A,Place752,multi,1,1.6089072227478027,1.2763294483365506
test,B-A,Place78,all,2,-0.7939550876617432,-0.7939467642795206
test,B-A,Place78,single,1,-0.7444057464599609,-0.744404681303978
test,B-A,Place78,multi,1,-0.8435044288635254,-0.8434888472550632
test,B-A,Place782,all,2,-0.6556925475597382,-0.6190606400681213
test,B-A,Place782,single,1,-0.7239982485771179,-0.7238803897995679
test,B-A,Place782,multi,1,-0.5873868465423584,-0.5142408903366749
test,B-A,Place783,all,2,-0.39386820793151855,-0.38680407909827585
test,B-A,Place783,single,1,-0.4773474931716919,-0.47735824113976655
test,B-A,Place783,multi,1,-0.3103889226913452,-0.29624991705678516
test,B-A,Place794,all,2,-0.0010832548141479492,-0.019939169444933458
test,B-A,Place794,single,1,-0.10990071296691895,-0.10990202857146003
test,B-A,Place794,multi,1,0.10773420333862305,0.07002368968159312
test,B-A,Place801,all,2,-0.11002510786056519,-0.09493776373911411
test,B-A,Place801,single,1,-0.04705226421356201,-0.0470383857175527
test,B-A,Place801,multi,1,-0.17299795150756836,-0.14283714176067552
test,B-A,Place812,all,2,-0.09908387064933777,-0.04705031886318739
test,B-A,Place812,single,1,0.20972579717636108,0.2095249887852776
test,B-A,Place812,multi,1,-0.4078935384750366,-0.30362562651165237
test,B-A,Place816,all,2,-0.1433984339237213,-0.1427080058094624
test,B-A,Place816,single,1,-0.1767560839653015,-0.17674573076461264
test,B-A,Place816,multi,1,-0.11004078388214111,-0.10867028085431218
test,B-A,Place843,all,2,-0.2927403897047043,-0.28681497197716055
test,B-A,Place843,single,1,-0.13136491179466248,-0.1313314842568622
test,B-A,Place843,multi,1,-0.4541158676147461,-0.44229845969745885
test,B-A,Place85,all,2,0.46535420417785645,0.46533003243410154
test,B-A,Place85,single,1,0.40755605697631836,0.4075668235702612
test,B-A,Place85,multi,1,0.5231523513793945,0.5230932412979419
test,B-A,Place855,all,2,0.279154896736145,0.28156367961520895
test,B-A,Place855,single,1,0.3275783658027649,0.3275594194591295
test,B-A,Place855,multi,1,0.23073142766952515,0.23556793977128843
test,B-A,Place856,all,2,-0.023251324892044067,-0.0107114023814191
test,B-A,Place856,single,1,-0.06776338815689087,-0.0677986175675176
test,B-A,Place856,multi,1,0.021260738372802734,0.046375812804679395
test,B-A,Place860,all,2,-0.10801202058792114,-0.10667906371763425
test,B-A,Place860,single,1,-0.25033318996429443,-0.25031998616056095
test,B-A,Place860,multi,1,0.03430914878845215,0.03696185872529245
test,B-A,Place862,all,2,-0.06200583279132843,-0.05040820097702703
test,B-A,Place862,single,1,-0.07367339730262756,-0.07362560918254313
test,B-A,Place862,multi,1,-0.0503382682800293,-0.02719079277151093
test,B-A,Place865,all,2,-0.24267977476119995,-0.24097510459608396
test,B-A,Place865,single,1,-0.34367406368255615,-0.34384982451329527
test,B-A,Place865,multi,1,-0.14168548583984375,-0.13810038467887265
test,B-A,Place873,all,2,0.10638505220413208,0.20465132191965024
test,B-A,Place873,single,1,-0.0023925304412841797,-0.0023913659843571855
test,B-A,Place873,multi,1,0.21516263484954834,0.41169400982365767
test,B-A,Place874,all,2,-0.456229567527771,-0.399181223747197
test,B-A,Place874,single,1,-1.056654691696167,-1.056692588664912
test,B-A,Place874,multi,1,0.144195556640625,0.2583301411705179
test,B-A,Place884,all,2,0.5467117130756378,0.5134163073420592
test,B-A,Place884,single,1,0.8613384366035461,0.8605514016070468
test,B-A,Place884,multi,1,0.2320849895477295,0.16628121307707167
test,B-A,Place90,all,2,0.2139914333820343,0.08152010426471834
test,B-A,Place90,single,1,-0.09669297933578491,-0.09672727387832247
test,B-A,Place90,multi,1,0.5246758460998535,0.25976748240775915
test,B-A,Place901,all,2,-0.47510963678359985,-0.47561654581245805
test,B-A,Place901,single,1,-0.4082123041152954,-0.4082135661236814
test,B-A,Place901,multi,1,-0.5420069694519043,-0.5430195255012347
test,B-A,Place902,all,2,0.6550912857055664,0.6549690237070309
test,B-A,Place902,single,1,1.7455649375915527,1.7455574812171921
test,B-A,Place902,multi,1,-0.4353823661804199,-0.4356194338031303
test,B-A,Place910,all,2,-0.8179080486297607,-0.8152291541596879
test,B-A,Place910,single,1,-1.4336633682250977,-1.4336608184055524
test,B-A,Place910,multi,1,-0.20215272903442383,-0.1967974899138234
test,B-A,Place918,all,4,-0.12474852427840233,-0.12006106861085901
test,B-A,Place918,single,1,-0.34654465317726135,-0.3463637734918441
test,B-A,Place918,multi,3,-0.05081648131211599,-0.04462683365053064
test,B-A,Place921,all,4,0.20477092266082764,0.18734693860550536
test,B-A,Place921,single,1,-0.2973681688308716,-0.2973598776287467
test,B-A,Place921,multi,3,0.37215061982472736,0.34891587735025603
test,B-A,Place934,all,4,-0.13207876682281494,-0.11608298173826453
test,B-A,Place934,single,1,-0.18319225311279297,-0.18319081724253916
test,B-A,Place934,multi,3,-0.11504093805948894,-0.09371370323683965
test,B-A,Place937,all,4,-0.1931239366531372,-0.17780836106229592
test,B-A,Place937,single,1,-0.023960351943969727,-0.02397456302724832
test,B-A,Place937,multi,3,-0.2495117982228597,-0.22908629374064512
test,B-A,Place945,all,4,-0.22195732593536377,-0.24581488030713988
test,B-A,Place945,single,1,0.459242582321167,0.4592512118147771
test,B-A,Place945,multi,3,-0.449023962020874,-0.48083691101444553
test,B-A,Place95,all,2,0.19977986812591553,0.19975089826805437
test,B-A,Place95,single,1,-0.008155345916748047,-0.008152968678828199
test,B-A,Place95,multi,1,0.4077150821685791,0.40765476521493693
test,B-A,Place99,all,2,-0.08130979537963867,-0.08126854005279038
test,B-A,Place99,single,1,-0.09127676486968994,-0.0912656980095159
test,B-A,Place99,multi,1,-0.0713428258895874,-0.07127138209606487
test,B-C,Place105,all,2,0.08413726091384888,0.08474524426985808
test,B-C,Place105,single,1,-0.05441296100616455,-0.05442095046061568
test,B-C,Place105,multi,1,0.2226874828338623,0.22391143900033184
test,B-C,Place14,all,2,2.018051564693451,2.037086883541308
test,B-C,Place14,single,1,4.201768279075623,4.201657081891776
test,B-C,Place14,multi,1,-0.1656651496887207,-0.12748331480915942
test,B-C,Place140,all,2,-0.19128096103668213,-0.1905957502088862
test,B-C,Place140,single,1,0.8856017589569092,0.885589847255785
test,B-C,Place140,multi,1,-1.2681636810302734,-1.2667813476735574
test,B-C,Place141,all,2,-0.383685827255249,-0.38478082801808267
test,B-C,Place141,single,1,-0.6323676109313965,-0.6323649469962458
test,B-C,Place141,multi,1,-0.13500404357910156,-0.13719670903991954
test,B-C,Place156,all,2,0.43817955255508423,0.42876197911095126
test,B-C,Place156,single,1,0.04451644420623779,0.04451751898888645
test,B-C,Place156,multi,1,0.8318426609039307,0.8130064392330161
test,B-C,Place160,all,2,0.042253077030181885,0.041992997109249086
test,B-C,Place160,single,1,0.08152937889099121,0.08132391755625767
test,B-C,Place160,multi,1,0.0029767751693725586,0.002662076662240498
test,B-C,Place173,all,2,-0.24835336208343506,-0.24094396185677214
test,B-C,Place173,single,1,-0.14830422401428223,-0.14830395802356122
test,B-C,Place173,multi,1,-0.3484025001525879,-0.33358396568998305
test,B-C,Place20,all,2,-0.3207871913909912,-0.3097827800168247
test,B-C,Place20,single,1,-0.23931145668029785,-0.23931275736085267
test,B-C,Place20,multi,1,-0.40226292610168457,-0.3802528026727967
test,B-C,Place204,all,2,0.04804776608943939,0.04015879228723654
test,B-C,Place204,single,1,-0.033596545457839966,-0.03369965366874278
test,B-C,Place204,multi,1,0.12969207763671875,0.11401723824321586
test,B-C,Place206,all,2,-0.09223100543022156,-0.09035380593369008
test,B-C,Place206,single,1,-0.13168489933013916,-0.13170674096393342
test,B-C,Place206,multi,1,-0.052777111530303955,-0.049000870903446736
test,B-C,Place208,all,2,0.09087666869163513,0.09172426459056937
test,B-C,Place208,single,1,0.2911396026611328,0.2911181187355021
test,B-C,Place208,multi,1,-0.10938626527786255,-0.10766958955436334
test,B-C,Place221,all,2,0.7254757881164551,0.6863866133931447
test,B-C,Place221,single,1,1.057410717010498,1.0574094902255986
test,B-C,Place221,multi,1,0.3935408592224121,0.3153637365606907
test,B-C,Place227,all,2,0.8108596801757812,0.8124782736808093
test,B-C,Place227,single,1,1.0440988540649414,1.0441287489533428
test,B-C,Place227,multi,1,0.5776205062866211,0.5808277984082757
test,B-C,Place228,all,2,0.8976174294948578,0.893836926876012
test,B-C,Place228,single,1,0.6106290221214294,0.6099816780552129
test,B-C,Place228,multi,1,1.1846058368682861,1.177692175696811
test,B-C,Place249,all,2,0.33038330078125,0.3312469309271622
test,B-C,Place249,single,1,-0.5364980697631836,-0.5364972348453598
test,B-C,Place249,multi,1,1.1972646713256836,1.1989910966996842
test,B-C,Place275,all,2,0.34690362215042114,0.34911516097509443
test,B-C,Place275,single,1,0.7897540330886841,0.7897570639930356
test,B-C,Place275,multi,1,-0.0959467887878418,-0.09152674204284672
test,B-C,Place277,all,2,0.960690975189209,0.9639514220353427
test,B-C,Place277,single,1,0.8179187774658203,0.8179143758142513
test,B-C,Place277,multi,1,1.1034631729125977,1.109988468256434
test,B-C,Place283,all,2,1.5674061179161072,1.408152170220652
test,B-C,Place283,single,1,1.6862066984176636,1.6862360017012816
test,B-C,Place283,multi,1,1.4486055374145508,1.1300683387400223
test,B-C,Place285,all,2,0.5559451580047607,0.5481194765879063
test,B-C,Place285,single,1,0.5816397666931152,0.5816423744946961
test,B-C,Place285,multi,1,0.5302505493164062,0.5145965786811164
test,B-C,Place300,all,2,-0.912941575050354,-0.7276993921872295
test,B-C,Place300,single,1,-0.3074629306793213,-0.3074616490253095
test,B-C,Place300,multi,1,-1.5184202194213867,-1.1479371353491494
test,B-C,Place305,all,2,-0.30889877676963806,-0.2906845479960658
test,B-C,Place305,single,1,0.055310070514678955,0.055377783944006165
test,B-C,Place305,multi,1,-0.6731076240539551,-0.6367468799361378
test,B-C,Place309,all,2,-0.07476836442947388,-0.06621483812261092
test,B-C,Place309,single,1,0.383597731590271,0.3835985309824158
test,B-C,Place309,multi,1,-0.5331344604492188,-0.5160282072276376
test,B-C,Place316,all,2,0.19852405786514282,0.192868492261138
test,B-C,Place316,single,1,0.30653154850006104,0.3065033019727823
test,B-C,Place316,multi,1,0.09051656723022461,0.0792336825494937
test,B-C,Place318,all,2,-0.17540818452835083,-0.17382180478434472
test,B-C,Place318,single,1,-0.21634376049041748,-0.21632881583443053
test,B-C,Place318,multi,1,-0.13447260856628418,-0.13131479373425892
test,B-C,Place320,all,2,0.31504398584365845,0.2915220655793976
test,B-C,Place320,single,1,0.3344770669937134,0.3345048102286331
test,B-C,Place320,multi,1,0.2956109046936035,0.24853932093016207
test,B-C,Place35,all,2,-0.24926099181175232,-0.24792259462245253
test,B-C,Place35,single,1,-0.505702018737793,-0.5056572014893235
test,B-C,Place35,multi,1,0.00718003511428833,0.009812012244418411
test,B-C,Place357,all,2,-0.38126304745674133,-0.3188726893386996
test,B-C,Place357,single,1,-0.31415849924087524,-0.3141384100613809
test,B-C,Place357,multi,1,-0.4483675956726074,-0.32360696861601834
test,B-C,Place364,all,2,0.041875243186950684,0.06413202850516159
test,B-C,Place364,single,1,0.05979013442993164,0.059825854562517544
test,B-C,Place364,multi,1,0.023960351943969727,0.06843820244780563
test,B-C,Place369,all,2,0.46527206897735596,0.4642667517996708
test,B-C,Place369,single,1,0.5839707851409912,0.5840049210848259
test,B-C,Place369,multi,1,0.3465733528137207,0.3445285825145157
test,B-C,Place371,all,2,0.04346637427806854,0.03519049546253028
test,B-C,Place371,single,1,-0.13152217864990234,-0.13149897602964367
test,B-C,Place371,multi,1,0.21845492720603943,0.20187996695470423
test,B-C,Place376,all,2,-0.17539572715759277,-0.15593469899466628
test,B-C,Place376,single,1,0.02641892433166504,0.026409447213804116
test,B-C,Place376,multi,1,-0.3772103786468506,-0.33827884520313667
test,B-C,Place379,all,2,0.3497883081436157,0.34476865155974773
test,B-C,Place379,single,1,0.17918717861175537,0.17915382938626823
test,B-C,Place379,multi,1,0.5203894376754761,0.5103834737332272
test,B-C,Place38,all,2,0.08782944083213806,0.08481829133135604
test,B-C,Place38,single,1,0.03488129377365112,0.034859919496762815
test,B-C,Place38,multi,1,0.140777587890625,0.13477666316594927
test,B-C,Place381,all,2,0.3835124969482422,0.41463697658506127
test,B-C,Place381,single,1,0.10338973999023438,0.10338200753025495
test,B-C,Place381,multi,1,0.66363525390625,0.7258919456398676
test,B-C,Place39,all,2,0.3528839349746704,0.351798292904141
test,B-C,Place39,single,1,0.15248918533325195,0.15249704644930562
test,B-C,Place39,multi,1,0.5532786846160889,0.5510995393589764
test,B-C,Place419,all,2,0.24773868918418884,0.2473737403882173
test,B-C,Place419,single,1,0.3096908926963806,0.3097163811437361
test,B-C,Place419,multi,1,0.18578648567199707,0.18503109963269848
test,B-C,Place439,all,2,0.17828911542892456,0.16256756047170717
test,B-C,Place439,single,1,0.07014882564544678,0.07015485330743632
test,B-C,Place439,multi,1,0.28642940521240234,0.25498026763597803
test,B-C,Place450,all,2,-0.011388689279556274,-0.008747254384055186
test,B-C,Place450,single,1,0.04361480474472046,0.04347818460115965
test,B-C,Place450,multi,1,-0.06639218330383301,-0.060972693369270026
test,B-C,Place457,all,2,0.21867156028747559,0.007091015116945432
test,B-C,Place457,single,1,-0.4355292320251465,-0.4355234599215274
test,B-C,Place457,multi,1,0.8728723526000977,0.4497054901554183
test,B-C,Place46,all,2,-0.07573342323303223,-0.07507853456943814
test,B-C,Place46,single,1,-0.11755216121673584,-0.11755159862271225
test,B-C,Place46,multi,1,-0.03391468524932861,-0.032605470516164026
test,B-C,Place475,all,2,0.12344300746917725,0.026750309104827008
test,B-C,Place475,single,1,-0.47019290924072266,-0.4702228042228256
test,B-C,Place475,multi,1,0.7170789241790771,0.5237234224324796
test,B-C,Place494,all,2,1.04092276096344,0.9161240329946243
test,B-C,Place494,single,1,1.1482453346252441,1.1482457025719515
test,B-C,Place494,multi,1,0.9336001873016357,0.6840023634172971
test,B-C,Place508,all,2,-0.08738438040018082,-0.08159064032928866
test,B-C,Place508,single,1,0.007247373461723328,0.00629985696167365
test,B-C,Place508,multi,1,-0.18201613426208496,-0.16948113762025097
test,B-C,Place513,all,2,0.22360241413116455,0.2185567240578704
test,B-C,Place513,single,1,-0.2763354778289795,-0.27624546609339373
test,B-C,Place513,multi,1,0.7235403060913086,0.7133589142091346
test,B-C,Place525,all,2,-0.16854971647262573,-0.16572682483135065
test,B-C,Place525,single,1,-0.19943392276763916,-0.19942007033593978
test,B-C,Place525,multi,1,-0.1376655101776123,-0.13203357932676152
test,B-C,Place53,all,2,-0.1583259254693985,-0.1576838447884316
test,B-C,Place53,single,1,-0.2935808598995209,-0.2928332262849645
test,B-C,Place53,multi,1,-0.023070991039276123,-0.022534463291898676
test,B-C,Place531,all,2,0.4843916594982147,0.4959083314259644
test,B-C,Place531,single,1,0.5519599318504333,0.5518800946230787
test,B-C,Place531,multi,1,0.4168233871459961,0.4399365682288501
test,B-C,Place539,all,2,0.49605368822813034,0.42545235484450517
test,B-C,Place539,single,1,0.05441676080226898,0.05447569140197506
test,B-C,Place539,multi,1,0.9376906156539917,0.7964290182870353
test,B-C,Place544,all,2,-0.9539960622787476,-0.8858319033626181
test,B-C,Place544,single,1,-0.4586217403411865,-0.4586240271037969
test,B-C,Place544,multi,1,-1.4493703842163086,-1.3130397796214393
test,B-C,Place551,all,2,-0.4967893362045288,-0.4946835498741051
test,B-C,Place551,single,1,-0.23362040519714355,-0.23363054202639422
test,B-C,Place551,multi,1,-0.7599582672119141,-0.755736557721816
test,B-C,Place567,all,2,-0.01895284652709961,0.005315634759628929
test,B-C,Place567,single,1,0.5293350219726562,0.5292123853709747
test,B-C,Place567,multi,1,-0.5672407150268555,-0.5185811158517168
test,B-C,Place576,all,2,0.5875639915466309,0.521339764589535
test,B-C,Place576,single,1,-0.04343366622924805,-0.04324701534795328
test,B-C,Place576,multi,1,1.2185616493225098,1.0859265445270232
test,B-C,Place579,all,2,-0.19551366567611694,-0.20355890804509535
test,B-C,Place579,single,1,-0.5262093544006348,-0.5260070394596423
test,B-C,Place579,multi,1,0.13518202304840088,0.11888922336945162
test,B-C,Place585,all,2,-0.009927734732627869,-0.0336395293192317
test,B-C,Place585,single,1,-0.3418569266796112,-0.34179144312966325
test,B-C,Place585,multi,1,0.32200145721435547,0.27451238449119986
test,B-C,Place592,all,2,0.014183878898620605,0.0638885985588532
test,B-C,Place592,single,1,0.4679408073425293,0.4679430287563713
test,B-C,Place592,multi,1,-0.4395730495452881,-0.3401658316386649
test,B-C,Place602,all,2,-0.08776157349348068,-0.07561375550981848
test,B-C,Place602,single,1,-0.036337241530418396,-0.03615979691185314
test,B-C,Place602,multi,1,-0.13918590545654297,-0.11506771410778383
test,B-C,Place608,all,2,-0.0820574164390564,-0.08705954958548096
test,B-C,Place608,single,1,-0.3913545608520508,-0.39123602854908224
test,B-C,Place608,multi,1,0.227239727973938,0.21711692937812033
test,B-C,Place616,all,2,0.0018441379070281982,-0.014572358106968442
test,B-C,Place616,single,1,-0.054508745670318604,-0.054540760448031245
test,B-C,Place616,multi,1,0.058197021484375,0.02539604423409436
test,B-C,Place619,all,2,0.027441412210464478,0.039477654141631346
test,B-C,Place619,single,1,-0.03225916624069214,-0.03226397899892841
test,B-C,Place619,multi,1,0.0871419906616211,0.1112192872821911
test,B-C,Place63,all,2,0.2828988581895828,0.29519807191890673
test,B-C,Place63,single,1,0.5378331243991852,0.5374550878156673
test,B-C,Place63,multi,1,0.02796459197998047,0.05294105602214616
test,B-C,Place646,all,2,-0.07622116804122925,-0.07575792719917487
test,B-C,Place646,single,1,-0.039811015129089355,-0.03960587713183644
test,B-C,Place646,multi,1,-0.11263132095336914,-0.1119099772665133
test,B-C,Place679,all,2,-1.7475533038377762,-1.6347159028375162
test,B-C,Place679,single,1,-0.1233319342136383,-0.12319249532475784
test,B-C,Place679,multi,1,-3.371774673461914,-3.146239310350275
test,B-C,Place686,all,2,-0.8731504827737808,-0.8358193765815982
test,B-C,Place686,single,1,-0.19764545559883118,-0.19760084637859116
test,B-C,Place686,multi,1,-1.5486555099487305,-1.4740379067846052
test,B-C,Place704,all,2,-0.04578158259391785,-0.04488720201031815
test,B-C,Place704,single,1,-0.3430509567260742,-0.3430198904388755
test,B-C,Place704,multi,1,0.2514877915382385,0.2532454864182392
test,B-C,Place708,all,2,0.19387322664260864,0.1979582890931295
test,B-C,Place708,single,1,0.15996158123016357,0.15995627722032024
test,B-C,Place708,multi,1,0.2277848720550537,0.23596030096593879
test,B-C,Place715,all,2,0.09385201334953308,0.12117145922671246
test,B-C,Place715,single,1,0.34705430269241333,0.34696596728043594
test,B-C,Place715,multi,1,-0.15935027599334717,-0.10462304882701101
test,B-C,Place74,all,2,-0.25890588760375977,-0.2588070781542535
test,B-C,Place74,single,1,-0.5229089260101318,-0.5229200314020481
test,B-C,Place74,multi,1,0.005097150802612305,0.005305875093541079
test,B-C,Place744,all,2,-0.011477947235107422,-0.006552612351251097
test,B-C,Place744,single,1,0.05101311206817627,0.05101657827307149
test,B-C,Place744,multi,1,-0.07396900653839111,-0.06412180297557368
test,B-C,Place752,all,2,-0.01926332712173462,0.0025407820077673338
test,B-C,Place752,single,1,0.19727599620819092,0.1965064301262472
test,B-C,Place752,multi,1,-0.23580265045166016,-0.19142486611071252
test,B-C,Place78,all,2,0.11862081289291382,0.11862753935650044
test,B-C,Place78,single,1,-0.08929753303527832,-0.08929668018901271
test,B-C,Place78,multi,1,0.32653915882110596,0.3265517589020136
test,B-C,Place782,all,2,-0.4204943776130676,-0.400980425519573
test,B-C,Place782,single,1,-0.36265504360198975,-0.3625753087996151
test,B-C,Place782,multi,1,-0.4783337116241455,-0.43938554223953097
test,B-C,Place783,all,2,-0.2388938069343567,-0.23177425132634755
test,B-C,Place783,single,1,0.019112348556518555,0.019100937978735244
test,B-C,Place783,multi,1,-0.49689996242523193,-0.48264944063143034
test,B-C,Place794,all,2,0.2436341643333435,0.21800060632805263
test,B-C,Place794,single,1,0.40081465244293213,0.40081770369355896
test,B-C,Place794,multi,1,0.08645367622375488,0.035183508962546295
test,B-C,Place801,all,2,0.07415515184402466,0.06193808412260671
test,B-C,Place801,single,1,0.12756359577178955,0.12753484663995662
test,B-C,Place801,multi,1,0.020746707916259766,-0.003658678394743209
test,B-C,Place812,all,2,-0.0029948949813842773,0.008016867015062379
test,B-C,Place812,single,1,-0.010012030601501465,-0.01000361796707272
test,B-C,Place812,multi,1,0.00402224063873291,0.026037351997197478
test,B-C,Place816,all,2,-0.25015175342559814,-0.2484174488442697
test,B-C,Place816,single,1,-0.19193494319915771,-0.19191813747145559
test,B-C,Place816,multi,1,-0.3083685636520386,-0.3049167602170838
test,B-C,Place843,all,2,-0.2915451377630234,-0.2859211574743289
test,B-C,Place843,single,1,-0.34970375895500183,-0.349630326843031
test,B-C,Place843,multi,1,-0.23338651657104492,-0.2222119881056268
test,B-C,Place85,all,2,0.21107983589172363,0.21106067523816718
test,B-C,Place85,single,1,0.08379602432250977,0.08380304353873846
test,B-C,Place85,multi,1,0.3383636474609375,0.3383183069375959
test,B-C,Place855,all,2,-0.1558029055595398,-0.15568598641764164
test,B-C,Place855,single,1,-0.17350506782531738,-0.1734928690670794
test,B-C,Place855,multi,1,-0.1381007432937622,-0.1378791037682039
test,B-C,Place856,all,2,-0.02228790521621704,-0.013728699824112844
test,B-C,Place856,single,1,-0.06563842296600342,-0.0656525153279639
test,B-C,Place856,multi,1,0.021062612533569336,0.03819511567973821
test,B-C,Place860,all,2,0.10875171422958374,0.10902054041145187
test,B-C,Place860,single,1,0.052138686180114746,0.05214980594643348
test,B-C,Place860,multi,1,0.16536474227905273,0.16589127487647026
test,B-C,Place862,all,2,-0.20079472661018372,-0.0993909124481259
test,B-C,Place862,single,1,0.006549179553985596,0.0065502783490299366
test,B-C,Place862,multi,1,-0.408138632774353,-0.20533210324528173
test,B-C,Place865,all,2,-0.17258977890014648,-0.16379944009030906
test,B-C,Place865,single,1,-0.0965806245803833,-0.0966888252988859
test,B-C,Place865,multi,1,-0.24859893321990967,-0.23091005488173222
test,B-C,Place873,all,2,0.2501956820487976,0.2916505029426041
test,B-C,Place873,single,1,0.17336881160736084,0.17336966504070372
test,B-C,Place873,multi,1,0.3270225524902344,0.40993134084450444
test,B-C,Place874,all,2,-0.18104708194732666,-0.19293848399728186
test,B-C,Place874,single,1,-0.7691633701324463,-0.7692031020644459
test,B-C,Place874,multi,1,0.40706920623779297,0.38332613406988214
test,B-C,Place884,all,2,-0.3342617154121399,-0.3531976514906008
test,B-C,Place884,single,1,-0.5864208936691284,-0.5863770522060952
test,B-C,Place884,multi,1,-0.08210253715515137,-0.12001825077510642
test,B-C,Place90,all,2,-0.08940481767058372,-0.05322504404271777
test,B-C,Place90,single,1,0.24496222287416458,0.24457432522453804
test,B-C,Place90,multi,1,-0.42377185821533203,-0.3510244133099736
test,B-C,Place901,all,2,0.05841779708862305,0.06678027075532633
test,B-C,Place901,single,1,0.1900954246520996,0.19009117860466618
test,B-C,Place901,multi,1,-0.07325983047485352,-0.056530637094013514
test,B-C,Place902,all,2,1.3281514644622803,1.328273340624569
test,B-C,Place902,single,1,2.251389980316162,2.2513781139184705
test,B-C,Place902,multi,1,0.40491294860839844,0.40516856733066753
test,B-C,Place910,all,2,-0.363305926322937,-0.36316818894937275
test,B-C,Place910,single,1,-0.9280660152435303,-0.9280657060015858
test,B-C,Place910,multi,1,0.20145416259765625,0.20172932810284028
test,B-C,Place918,all,4,0.0646752268075943,0.06177070240130103
test,B-C,Place918,single,1,0.04368710517883301,0.04319616378837815
test,B-C,Place918,multi,3,0.07167126735051473,0.06796221527227532
test,B-C,Place921,all,4,0.14732626080513,0.13581103906460712
test,B-C,Place921,single,1,-0.2272881269454956,-0.22728108398572355
test,B-C,Place921,multi,3,0.2721977233886719,0.25684174674805066
test,B-C,Place934,all,4,-0.1164974570274353,-0.13371282334827161
test,B-C,Place934,single,1,-0.94167160987854,-0.9416472082234391
test,B-C,Place934,multi,3,0.15856059392293295,0.1355986382767842
test,B-C,Place937,all,4,-0.06282925605773926,-0.1087486906202419
test,B-C,Place937,single,1,0.1923840045928955,0.19236081179660736
test,B-C,Place937,multi,3,-0.14790034294128418,-0.20911852475919165
test,B-C,Place945,all,4,0.6390820741653442,0.5758917527266005
test,B-C,Place945,single,1,-0.5022623538970947,-0.5022819611430442
test,B-C,Place945,multi,3,1.019530216852824,0.9352829906831488
test,B-C,Place95,all,2,-0.07792198657989502,-0.07722907231745046
test,B-C,Place95,single,1,-0.21108484268188477,-0.2110890778465584
test,B-C,Place95,multi,1,0.05524086952209473,0.056630933211657464
test,B-C,Place99,all,2,0.15522712469100952,0.15531170596431687
test,B-C,Place99,single,1,0.022475242614746094,0.022478198609147793
test,B-C,Place99,multi,1,0.28797900676727295,0.28814521331948595
